,date,nofsales
0,2007-02-07,1
1,2007-02-08,0
2,2007-02-09,0
3,2007-02-10,0
4,2007-02-11,0
5,2007-02-12,0
6,2007-02-13,0
7,2007-02-14,0
8,2007-02-15,0
9,2007-02-16,0
10,2007-02-17,0
11,2007-02-18,0
12,2007-02-19,0
13,2007-02-20,0
14,2007-02-21,0
15,2007-02-22,0
16,2007-02-23,0
17,2007-02-24,0
18,2007-02-25,0
19,2007-02-26,0
20,2007-02-27,1
21,2007-02-28,0
22,2007-03-01,0
23,2007-03-02,0
24,2007-03-03,0
25,2007-03-04,0
26,2007-03-05,0
27,2007-03-06,0
28,2007-03-07,1
29,2007-03-08,0
30,2007-03-09,1
31,2007-03-10,0
32,2007-03-11,0
33,2007-03-12,0
34,2007-03-13,0
35,2007-03-14,0
36,2007-03-15,0
37,2007-03-16,0
38,2007-03-17,0
39,2007-03-18,0
40,2007-03-19,0
41,2007-03-20,0
42,2007-03-21,1
43,2007-03-22,0
44,2007-03-23,0
45,2007-03-24,0
46,2007-03-25,0
47,2007-03-26,0
48,2007-03-27,0
49,2007-03-28,0
50,2007-03-29,0
51,2007-03-30,0
52,2007-03-31,0
53,2007-04-01,0
54,2007-04-02,0
55,2007-04-03,0
56,2007-04-04,1
57,2007-04-05,0
58,2007-04-06,0
59,2007-04-07,0
60,2007-04-08,0
61,2007-04-09,0
62,2007-04-10,0
63,2007-04-11,0
64,2007-04-12,0
65,2007-04-13,0
66,2007-04-14,0
67,2007-04-15,0
68,2007-04-16,0
69,2007-04-17,0
70,2007-04-18,0
71,2007-04-19,0
72,2007-04-20,0
73,2007-04-21,0
74,2007-04-22,0
75,2007-04-23,0
76,2007-04-24,1
77,2007-04-25,0
78,2007-04-26,0
79,2007-04-27,0
80,2007-04-28,0
81,2007-04-29,0
82,2007-04-30,1
83,2007-05-01,0
84,2007-05-02,0
85,2007-05-03,0
86,2007-05-04,0
87,2007-05-05,0
88,2007-05-06,0
89,2007-05-07,0
90,2007-05-08,0
91,2007-05-09,0
92,2007-05-10,0
93,2007-05-11,0
94,2007-05-12,0
95,2007-05-13,0
96,2007-05-14,0
97,2007-05-15,0
98,2007-05-16,0
99,2007-05-17,0
100,2007-05-18,0
101,2007-05-19,0
102,2007-05-20,0
103,2007-05-21,0
104,2007-05-22,0
105,2007-05-23,0
106,2007-05-24,1
107,2007-05-25,1
108,2007-05-26,0
109,2007-05-27,0
110,2007-05-28,0
111,2007-05-29,0
112,2007-05-30,0
113,2007-05-31,0
114,2007-06-01,0
115,2007-06-02,0
116,2007-06-03,0
117,2007-06-04,0
118,2007-06-05,0
119,2007-06-06,0
120,2007-06-07,0
121,2007-06-08,0
122,2007-06-09,0
123,2007-06-10,0
124,2007-06-11,0
125,2007-06-12,0
126,2007-06-13,0
127,2007-06-14,0
128,2007-06-15,0
129,2007-06-16,0
130,2007-06-17,0
131,2007-06-18,0
132,2007-06-19,0
133,2007-06-20,0
134,2007-06-21,0
135,2007-06-22,0
136,2007-06-23,0
137,2007-06-24,0
138,2007-06-25,0
139,2007-06-26,1
140,2007-06-27,3
141,2007-06-28,1
142,2007-06-29,0
143,2007-06-30,1
144,2007-07-01,0
145,2007-07-02,1
146,2007-07-03,1
147,2007-07-04,0
148,2007-07-05,1
149,2007-07-06,1
150,2007-07-07,1
151,2007-07-08,1
152,2007-07-09,0
153,2007-07-10,0
154,2007-07-11,0
155,2007-07-12,1
156,2007-07-13,1
157,2007-07-14,0
158,2007-07-15,0
159,2007-07-16,0
160,2007-07-17,0
161,2007-07-18,2
162,2007-07-19,1
163,2007-07-20,3
164,2007-07-21,1
165,2007-07-22,0
166,2007-07-23,0
167,2007-07-24,0
168,2007-07-25,0
169,2007-07-26,0
170,2007-07-27,0
171,2007-07-28,0
172,2007-07-29,0
173,2007-07-30,2
174,2007-07-31,2
175,2007-08-01,0
176,2007-08-02,0
177,2007-08-03,2
178,2007-08-04,0
179,2007-08-05,0
180,2007-08-06,0
181,2007-08-07,2
182,2007-08-08,0
183,2007-08-09,1
184,2007-08-10,2
185,2007-08-11,2
186,2007-08-12,0
187,2007-08-13,0
188,2007-08-14,1
189,2007-08-15,0
190,2007-08-16,1
191,2007-08-17,0
192,2007-08-18,0
193,2007-08-19,0
194,2007-08-20,0
195,2007-08-21,3
196,2007-08-22,0
197,2007-08-23,1
198,2007-08-24,1
199,2007-08-25,0
200,2007-08-26,0
201,2007-08-27,0
202,2007-08-28,2
203,2007-08-29,1
204,2007-08-30,2
205,2007-08-31,2
206,2007-09-01,0
207,2007-09-02,0
208,2007-09-03,1
209,2007-09-04,1
210,2007-09-05,1
211,2007-09-06,1
212,2007-09-07,1
213,2007-09-08,0
214,2007-09-09,0
215,2007-09-10,0
216,2007-09-11,1
217,2007-09-12,0
218,2007-09-13,0
219,2007-09-14,0
220,2007-09-15,1
221,2007-09-16,0
222,2007-09-17,0
223,2007-09-18,1
224,2007-09-19,0
225,2007-09-20,3
226,2007-09-21,1
227,2007-09-22,3
228,2007-09-23,0
229,2007-09-24,2
230,2007-09-25,0
231,2007-09-26,0
232,2007-09-27,2
233,2007-09-28,1
234,2007-09-29,0
235,2007-09-30,0
236,2007-10-01,0
237,2007-10-02,2
238,2007-10-03,0
239,2007-10-04,0
240,2007-10-05,0
241,2007-10-06,0
242,2007-10-07,0
243,2007-10-08,0
244,2007-10-09,1
245,2007-10-10,1
246,2007-10-11,0
247,2007-10-12,3
248,2007-10-13,0
249,2007-10-14,0
250,2007-10-15,1
251,2007-10-16,2
252,2007-10-17,1
253,2007-10-18,0
254,2007-10-19,2
255,2007-10-20,0
256,2007-10-21,0
257,2007-10-22,0
258,2007-10-23,0
259,2007-10-24,2
260,2007-10-25,4
261,2007-10-26,1
262,2007-10-27,0
263,2007-10-28,0
264,2007-10-29,0
265,2007-10-30,0
266,2007-10-31,0
267,2007-11-01,0
268,2007-11-02,2
269,2007-11-03,0
270,2007-11-04,0
271,2007-11-05,2
272,2007-11-06,0
273,2007-11-07,1
274,2007-11-08,3
275,2007-11-09,0
276,2007-11-10,0
277,2007-11-11,0
278,2007-11-12,2
279,2007-11-13,0
280,2007-11-14,0
281,2007-11-15,0
282,2007-11-16,2
283,2007-11-17,4
284,2007-11-18,0
285,2007-11-19,0
286,2007-11-20,1
287,2007-11-21,0
288,2007-11-22,1
289,2007-11-23,1
290,2007-11-24,2
291,2007-11-25,0
292,2007-11-26,0
293,2007-11-27,1
294,2007-11-28,0
295,2007-11-29,2
296,2007-11-30,2
297,2007-12-01,1
298,2007-12-02,0
299,2007-12-03,2
300,2007-12-04,1
301,2007-12-05,1
302,2007-12-06,1
303,2007-12-07,1
304,2007-12-08,2
305,2007-12-09,0
306,2007-12-10,0
307,2007-12-11,0
308,2007-12-12,1
309,2007-12-13,3
310,2007-12-14,2
311,2007-12-15,1
312,2007-12-16,0
313,2007-12-17,0
314,2007-12-18,2
315,2007-12-19,1
316,2007-12-20,1
317,2007-12-21,3
318,2007-12-22,0
319,2007-12-23,0
320,2007-12-24,0
321,2007-12-25,0
322,2007-12-26,0
323,2007-12-27,0
324,2007-12-28,0
325,2007-12-29,0
326,2007-12-30,0
327,2007-12-31,0
328,2008-01-01,0
329,2008-01-02,1
330,2008-01-03,0
331,2008-01-04,0
332,2008-01-05,0
333,2008-01-06,0
334,2008-01-07,0
335,2008-01-08,0
336,2008-01-09,0
337,2008-01-10,0
338,2008-01-11,0
339,2008-01-12,0
340,2008-01-13,0
341,2008-01-14,1
342,2008-01-15,2
343,2008-01-16,0
344,2008-01-17,3
345,2008-01-18,1
346,2008-01-19,0
347,2008-01-20,0
348,2008-01-21,1
349,2008-01-22,0
350,2008-01-23,1
351,2008-01-24,3
352,2008-01-25,0
353,2008-01-26,0
354,2008-01-27,0
355,2008-01-28,0
356,2008-01-29,0
357,2008-01-30,1
358,2008-01-31,0
359,2008-02-01,1
360,2008-02-02,0
361,2008-02-03,0
362,2008-02-04,1
363,2008-02-05,0
364,2008-02-06,0
365,2008-02-07,3
366,2008-02-08,1
367,2008-02-09,3
368,2008-02-10,0
369,2008-02-11,1
370,2008-02-12,1
371,2008-02-13,0
372,2008-02-14,0
373,2008-02-15,2
374,2008-02-16,1
375,2008-02-17,0
376,2008-02-18,0
377,2008-02-19,1
378,2008-02-20,0
379,2008-02-21,1
380,2008-02-22,0
381,2008-02-23,3
382,2008-02-24,0
383,2008-02-25,0
384,2008-02-26,0
385,2008-02-27,3
386,2008-02-28,0
387,2008-02-29,3
388,2008-03-01,0
389,2008-03-02,0
390,2008-03-03,0
391,2008-03-04,1
392,2008-03-05,0
393,2008-03-06,0
394,2008-03-07,0
395,2008-03-08,0
396,2008-03-09,0
397,2008-03-10,0
398,2008-03-11,0
399,2008-03-12,0
400,2008-03-13,1
401,2008-03-14,1
402,2008-03-15,1
403,2008-03-16,0
404,2008-03-17,0
405,2008-03-18,0
406,2008-03-19,1
407,2008-03-20,1
408,2008-03-21,0
409,2008-03-22,0
410,2008-03-23,0
411,2008-03-24,0
412,2008-03-25,0
413,2008-03-26,0
414,2008-03-27,0
415,2008-03-28,0
416,2008-03-29,0
417,2008-03-30,0
418,2008-03-31,0
419,2008-04-01,0
420,2008-04-02,0
421,2008-04-03,0
422,2008-04-04,0
423,2008-04-05,1
424,2008-04-06,0
425,2008-04-07,0
426,2008-04-08,0
427,2008-04-09,2
428,2008-04-10,1
429,2008-04-11,3
430,2008-04-12,0
431,2008-04-13,0
432,2008-04-14,4
433,2008-04-15,1
434,2008-04-16,0
435,2008-04-17,0
436,2008-04-18,1
437,2008-04-19,0
438,2008-04-20,0
439,2008-04-21,1
440,2008-04-22,1
441,2008-04-23,2
442,2008-04-24,2
443,2008-04-25,0
444,2008-04-26,0
445,2008-04-27,0
446,2008-04-28,0
447,2008-04-29,2
448,2008-04-30,1
449,2008-05-01,1
450,2008-05-02,3
451,2008-05-03,0
452,2008-05-04,0
453,2008-05-05,2
454,2008-05-06,0
455,2008-05-07,0
456,2008-05-08,0
457,2008-05-09,1
458,2008-05-10,0
459,2008-05-11,0
460,2008-05-12,1
461,2008-05-13,1
462,2008-05-14,1
463,2008-05-15,0
464,2008-05-16,2
465,2008-05-17,1
466,2008-05-18,0
467,2008-05-19,1
468,2008-05-20,0
469,2008-05-21,0
470,2008-05-22,0
471,2008-05-23,1
472,2008-05-24,0
473,2008-05-25,0
474,2008-05-26,0
475,2008-05-27,1
476,2008-05-28,1
477,2008-05-29,0
478,2008-05-30,2
479,2008-05-31,0
480,2008-06-01,0
481,2008-06-02,2
482,2008-06-03,1
483,2008-06-04,0
484,2008-06-05,0
485,2008-06-06,2
486,2008-06-07,0
487,2008-06-08,0
488,2008-06-09,0
489,2008-06-10,3
490,2008-06-11,2
491,2008-06-12,0
492,2008-06-13,2
493,2008-06-14,2
494,2008-06-15,0
495,2008-06-16,0
496,2008-06-17,2
497,2008-06-18,1
498,2008-06-19,2
499,2008-06-20,1
500,2008-06-21,0
501,2008-06-22,0
502,2008-06-23,2
503,2008-06-24,1
504,2008-06-25,4
505,2008-06-26,1
506,2008-06-27,3
507,2008-06-28,0
508,2008-06-29,1
509,2008-06-30,2
510,2008-07-01,1
511,2008-07-02,1
512,2008-07-03,0
513,2008-07-04,1
514,2008-07-05,0
515,2008-07-06,0
516,2008-07-07,2
517,2008-07-08,1
518,2008-07-09,0
519,2008-07-10,2
520,2008-07-11,2
521,2008-07-12,0
522,2008-07-13,0
523,2008-07-14,2
524,2008-07-15,0
525,2008-07-16,3
526,2008-07-17,1
527,2008-07-18,2
528,2008-07-19,1
529,2008-07-20,0
530,2008-07-21,1
531,2008-07-22,1
532,2008-07-23,4
533,2008-07-24,0
534,2008-07-25,1
535,2008-07-26,1
536,2008-07-27,0
537,2008-07-28,1
538,2008-07-29,1
539,2008-07-30,2
540,2008-07-31,1
541,2008-08-01,2
542,2008-08-02,0
543,2008-08-03,0
544,2008-08-04,3
545,2008-08-05,2
546,2008-08-06,5
547,2008-08-07,1
548,2008-08-08,0
549,2008-08-09,3
550,2008-08-10,0
551,2008-08-11,1
552,2008-08-12,1
553,2008-08-13,3
554,2008-08-14,1
555,2008-08-15,6
556,2008-08-16,0
557,2008-08-17,0
558,2008-08-18,1
559,2008-08-19,3
560,2008-08-20,1
561,2008-08-21,4
562,2008-08-22,2
563,2008-08-23,1
564,2008-08-24,0
565,2008-08-25,1
566,2008-08-26,0
567,2008-08-27,3
568,2008-08-28,1
569,2008-08-29,2
570,2008-08-30,1
571,2008-08-31,0
572,2008-09-01,1
573,2008-09-02,5
574,2008-09-03,2
575,2008-09-04,2
576,2008-09-05,5
577,2008-09-06,0
578,2008-09-07,0
579,2008-09-08,3
580,2008-09-09,0
581,2008-09-10,2
582,2008-09-11,2
583,2008-09-12,2
584,2008-09-13,2
585,2008-09-14,0
586,2008-09-15,2
587,2008-09-16,5
588,2008-09-17,6
589,2008-09-18,3
590,2008-09-19,4
591,2008-09-20,1
592,2008-09-21,0
593,2008-09-22,18
594,2008-09-23,1
595,2008-09-24,1
596,2008-09-25,3
597,2008-09-26,4
598,2008-09-27,0
599,2008-09-28,0
600,2008-09-29,8
601,2008-09-30,7
602,2008-10-01,2
603,2008-10-02,1
604,2008-10-03,5
605,2008-10-04,0
606,2008-10-05,0
607,2008-10-06,0
608,2008-10-07,5
609,2008-10-08,4
610,2008-10-09,1
611,2008-10-10,8
612,2008-10-11,0
613,2008-10-12,1
614,2008-10-13,2
615,2008-10-14,8
616,2008-10-15,2
617,2008-10-16,2
618,2008-10-17,4
619,2008-10-18,4
620,2008-10-19,0
621,2008-10-20,3
622,2008-10-21,6
623,2008-10-22,4
624,2008-10-23,7
625,2008-10-24,6
626,2008-10-25,0
627,2008-10-26,0
628,2008-10-27,7
629,2008-10-28,2
630,2008-10-29,1
631,2008-10-30,2
632,2008-10-31,6
633,2008-11-01,0
634,2008-11-02,0
635,2008-11-03,6
636,2008-11-04,0
637,2008-11-05,5
638,2008-11-06,3
639,2008-11-07,7
640,2008-11-08,0
641,2008-11-09,0
642,2008-11-10,6
643,2008-11-11,4
644,2008-11-12,3
645,2008-11-13,1
646,2008-11-14,2
647,2008-11-15,3
648,2008-11-16,0
649,2008-11-17,9
650,2008-11-18,4
651,2008-11-19,4
652,2008-11-20,3
653,2008-11-21,9
654,2008-11-22,3
655,2008-11-23,0
656,2008-11-24,12
657,2008-11-25,4
658,2008-11-26,5
659,2008-11-27,3
660,2008-11-28,11
661,2008-11-29,2
662,2008-11-30,0
663,2008-12-01,7
664,2008-12-02,8
665,2008-12-03,9
666,2008-12-04,10
667,2008-12-05,9
668,2008-12-06,4
669,2008-12-07,0
670,2008-12-08,9
671,2008-12-09,3
672,2008-12-10,10
673,2008-12-11,1
674,2008-12-12,7
675,2008-12-13,1
676,2008-12-14,0
677,2008-12-15,10
678,2008-12-16,6
679,2008-12-17,3
680,2008-12-18,3
681,2008-12-19,11
682,2008-12-20,4
683,2008-12-21,0
684,2008-12-22,9
685,2008-12-23,12
686,2008-12-24,12
687,2008-12-25,0
688,2008-12-26,0
689,2008-12-27,0
690,2008-12-28,0
691,2008-12-29,0
692,2008-12-30,0
693,2008-12-31,0
694,2009-01-01,0
695,2009-01-02,0
696,2009-01-03,0
697,2009-01-04,0
698,2009-01-05,2
699,2009-01-06,3
700,2009-01-07,2
701,2009-01-08,5
702,2009-01-09,3
703,2009-01-10,2
704,2009-01-11,0
705,2009-01-12,8
706,2009-01-13,3
707,2009-01-14,3
708,2009-01-15,7
709,2009-01-16,3
710,2009-01-17,0
711,2009-01-18,0
712,2009-01-19,3
713,2009-01-20,6
714,2009-01-21,1
715,2009-01-22,3
716,2009-01-23,9
717,2009-01-24,0
718,2009-01-25,0
719,2009-01-26,0
720,2009-01-27,6
721,2009-01-28,5
722,2009-01-29,6
723,2009-01-30,7
724,2009-01-31,2
725,2009-02-01,0
726,2009-02-02,3
727,2009-02-03,10
728,2009-02-04,5
729,2009-02-05,5
730,2009-02-06,5
731,2009-02-07,1
732,2009-02-08,0
733,2009-02-09,7
734,2009-02-10,7
735,2009-02-11,10
736,2009-02-12,7
737,2009-02-13,6
738,2009-02-14,1
739,2009-02-15,0
740,2009-02-16,4
741,2009-02-17,10
742,2009-02-18,2
743,2009-02-19,5
744,2009-02-20,4
745,2009-02-21,1
746,2009-02-22,0
747,2009-02-23,7
748,2009-02-24,3
749,2009-02-25,2
750,2009-02-26,8
751,2009-02-27,2
752,2009-02-28,2
753,2009-03-01,0
754,2009-03-02,5
755,2009-03-03,7
756,2009-03-04,7
757,2009-03-05,5
758,2009-03-06,13
759,2009-03-07,2
760,2009-03-08,0
761,2009-03-09,0
762,2009-03-10,9
763,2009-03-11,8
764,2009-03-12,7
765,2009-03-13,7
766,2009-03-14,1
767,2009-03-15,0
768,2009-03-16,3
769,2009-03-17,10
770,2009-03-18,7
771,2009-03-19,10
772,2009-03-20,8
773,2009-03-21,0
774,2009-03-22,1
775,2009-03-23,9
776,2009-03-24,6
777,2009-03-25,8
778,2009-03-26,3
779,2009-03-27,7
780,2009-03-28,5
781,2009-03-29,0
782,2009-03-30,11
783,2009-03-31,5
784,2009-04-01,7
785,2009-04-02,4
786,2009-04-03,7
787,2009-04-04,1
788,2009-04-05,0
789,2009-04-06,9
790,2009-04-07,12
791,2009-04-08,2
792,2009-04-09,4
793,2009-04-10,0
794,2009-04-11,0
795,2009-04-12,0
796,2009-04-13,0
797,2009-04-14,4
798,2009-04-15,10
799,2009-04-16,9
800,2009-04-17,6
801,2009-04-18,1
802,2009-04-19,0
803,2009-04-20,9
804,2009-04-21,4
805,2009-04-22,3
806,2009-04-23,5
807,2009-04-24,11
808,2009-04-25,0
809,2009-04-26,0
810,2009-04-27,0
811,2009-04-28,4
812,2009-04-29,4
813,2009-04-30,2
814,2009-05-01,8
815,2009-05-02,0
816,2009-05-03,0
817,2009-05-04,6
818,2009-05-05,6
819,2009-05-06,5
820,2009-05-07,6
821,2009-05-08,8
822,2009-05-09,1
823,2009-05-10,0
824,2009-05-11,5
825,2009-05-12,4
826,2009-05-13,3
827,2009-05-14,2
828,2009-05-15,10
829,2009-05-16,1
830,2009-05-17,0
831,2009-05-18,5
832,2009-05-19,6
833,2009-05-20,8
834,2009-05-21,5
835,2009-05-22,5
836,2009-05-23,4
837,2009-05-24,0
838,2009-05-25,10
839,2009-05-26,3
840,2009-05-27,1
841,2009-05-28,9
842,2009-05-29,8
843,2009-05-30,1
844,2009-05-31,0
845,2009-06-01,4
846,2009-06-02,5
847,2009-06-03,3
848,2009-06-04,5
849,2009-06-05,6
850,2009-06-06,0
851,2009-06-07,0
852,2009-06-08,0
853,2009-06-09,3
854,2009-06-10,3
855,2009-06-11,5
856,2009-06-12,8
857,2009-06-13,2
858,2009-06-14,0
859,2009-06-15,5
860,2009-06-16,3
861,2009-06-17,6
862,2009-06-18,7
863,2009-06-19,2
864,2009-06-20,0
865,2009-06-21,0
866,2009-06-22,12
867,2009-06-23,4
868,2009-06-24,7
869,2009-06-25,3
870,2009-06-26,6
871,2009-06-27,3
872,2009-06-28,0
873,2009-06-29,6
874,2009-06-30,2
875,2009-07-01,3
876,2009-07-02,2
877,2009-07-03,6
878,2009-07-04,0
879,2009-07-05,0
880,2009-07-06,5
881,2009-07-07,2
882,2009-07-08,3
883,2009-07-09,6
884,2009-07-10,3
885,2009-07-11,0
886,2009-07-12,0
887,2009-07-13,5
888,2009-07-14,3
889,2009-07-15,4
890,2009-07-16,4
891,2009-07-17,5
892,2009-07-18,2
893,2009-07-19,1
894,2009-07-20,8
895,2009-07-21,6
896,2009-07-22,7
897,2009-07-23,2
898,2009-07-24,4
899,2009-07-25,1
900,2009-07-26,0
901,2009-07-27,5
902,2009-07-28,1
903,2009-07-29,5
904,2009-07-30,1
905,2009-07-31,9
906,2009-08-01,1
907,2009-08-02,0
908,2009-08-03,7
909,2009-08-04,7
910,2009-08-05,6
911,2009-08-06,4
912,2009-08-07,7
913,2009-08-08,0
914,2009-08-09,0
915,2009-08-10,3
916,2009-08-11,7
917,2009-08-12,2
918,2009-08-13,2
919,2009-08-14,4
920,2009-08-15,0
921,2009-08-16,0
922,2009-08-17,11
923,2009-08-18,3
924,2009-08-19,8
925,2009-08-20,6
926,2009-08-21,1
927,2009-08-22,2
928,2009-08-23,2
929,2009-08-24,7
930,2009-08-25,1
931,2009-08-26,1
932,2009-08-27,4
933,2009-08-28,6
934,2009-08-29,2
935,2009-08-30,0
936,2009-08-31,3
937,2009-09-01,2
938,2009-09-02,6
939,2009-09-03,3
940,2009-09-04,4
941,2009-09-05,5
942,2009-09-06,0
943,2009-09-07,1
944,2009-09-08,3
945,2009-09-09,3
946,2009-09-10,3
947,2009-09-11,3
948,2009-09-12,4
949,2009-09-13,1
950,2009-09-14,3
951,2009-09-15,4
952,2009-09-16,4
953,2009-09-17,4
954,2009-09-18,5
955,2009-09-19,6
956,2009-09-20,1
957,2009-09-21,6
958,2009-09-22,7
959,2009-09-23,4
960,2009-09-24,2
961,2009-09-25,7
962,2009-09-26,3
963,2009-09-27,1
964,2009-09-28,6
965,2009-09-29,10
966,2009-09-30,12
967,2009-10-01,9
968,2009-10-02,4
969,2009-10-03,1
970,2009-10-04,0
971,2009-10-05,0
972,2009-10-06,5
973,2009-10-07,5
974,2009-10-08,4
975,2009-10-09,7
976,2009-10-10,11
977,2009-10-11,1
978,2009-10-12,8
979,2009-10-13,1
980,2009-10-14,0
981,2009-10-15,2
982,2009-10-16,6
983,2009-10-17,3
984,2009-10-18,0
985,2009-10-19,6
986,2009-10-20,3
987,2009-10-21,3
988,2009-10-22,1
989,2009-10-23,7
990,2009-10-24,6
991,2009-10-25,0
992,2009-10-26,8
993,2009-10-27,4
994,2009-10-28,2
995,2009-10-29,3
996,2009-10-30,4
997,2009-10-31,5
998,2009-11-01,1
999,2009-11-02,12
1000,2009-11-03,0
1001,2009-11-04,13
1002,2009-11-05,5
1003,2009-11-06,4
1004,2009-11-07,2
1005,2009-11-08,0
1006,2009-11-09,10
1007,2009-11-10,6
1008,2009-11-11,3
1009,2009-11-12,4
1010,2009-11-13,2
1011,2009-11-14,2
1012,2009-11-15,0
1013,2009-11-16,8
1014,2009-11-17,3
1015,2009-11-18,8
1016,2009-11-19,2
1017,2009-11-20,11
1018,2009-11-21,0
1019,2009-11-22,0
1020,2009-11-23,4
1021,2009-11-24,6
1022,2009-11-25,6
1023,2009-11-26,8
1024,2009-11-27,3
1025,2009-11-28,5
1026,2009-11-29,0
1027,2009-11-30,5
1028,2009-12-01,2
1029,2009-12-02,7
1030,2009-12-03,3
1031,2009-12-04,4
1032,2009-12-05,7
1033,2009-12-06,0
1034,2009-12-07,7
1035,2009-12-08,2
1036,2009-12-09,3
1037,2009-12-10,3
1038,2009-12-11,5
1039,2009-12-12,1
1040,2009-12-13,0
1041,2009-12-14,5
1042,2009-12-15,7
1043,2009-12-16,3
1044,2009-12-17,4
1045,2009-12-18,7
1046,2009-12-19,1
1047,2009-12-20,0
1048,2009-12-21,5
1049,2009-12-22,6
1050,2009-12-23,19
1051,2009-12-24,12
1052,2009-12-25,0
1053,2009-12-26,0
1054,2009-12-27,0
1055,2009-12-28,0
1056,2009-12-29,0
1057,2009-12-30,0
1058,2009-12-31,0
1059,2010-01-01,0
1060,2010-01-02,0
1061,2010-01-03,0
1062,2010-01-04,1
1063,2010-01-05,1
1064,2010-01-06,2
1065,2010-01-07,1
1066,2010-01-08,2
1067,2010-01-09,0
1068,2010-01-10,0
1069,2010-01-11,5
1070,2010-01-12,0
1071,2010-01-13,2
1072,2010-01-14,4
1073,2010-01-15,1
1074,2010-01-16,0
1075,2010-01-17,0
1076,2010-01-18,2
1077,2010-01-19,5
1078,2010-01-20,3
1079,2010-01-21,1
1080,2010-01-22,3
1081,2010-01-23,0
1082,2010-01-24,0
1083,2010-01-25,3
1084,2010-01-26,0
1085,2010-01-27,5
1086,2010-01-28,3
1087,2010-01-29,6
1088,2010-01-30,2
1089,2010-01-31,0
1090,2010-02-01,4
1091,2010-02-02,3
1092,2010-02-03,2
1093,2010-02-04,4
1094,2010-02-05,3
1095,2010-02-06,3
1096,2010-02-07,1
1097,2010-02-08,2
1098,2010-02-09,2
1099,2010-02-10,5
1100,2010-02-11,4
1101,2010-02-12,7
1102,2010-02-13,1
1103,2010-02-14,0
1104,2010-02-15,2
1105,2010-02-16,2
1106,2010-02-17,10
1107,2010-02-18,6
1108,2010-02-19,6
1109,2010-02-20,3
1110,2010-02-21,0
1111,2010-02-22,6
1112,2010-02-23,5
1113,2010-02-24,5
1114,2010-02-25,5
1115,2010-02-26,4
1116,2010-02-27,4
1117,2010-02-28,1
1118,2010-03-01,9
1119,2010-03-02,2
1120,2010-03-03,10
1121,2010-03-04,4
1122,2010-03-05,11
1123,2010-03-06,3
1124,2010-03-07,0
1125,2010-03-08,0
1126,2010-03-09,5
1127,2010-03-10,2
1128,2010-03-11,5
1129,2010-03-12,7
1130,2010-03-13,1
1131,2010-03-14,1
1132,2010-03-15,6
1133,2010-03-16,5
1134,2010-03-17,10
1135,2010-03-18,4
1136,2010-03-19,10
1137,2010-03-20,2
1138,2010-03-21,0
1139,2010-03-22,3
1140,2010-03-23,6
1141,2010-03-24,4
1142,2010-03-25,9
1143,2010-03-26,1
1144,2010-03-27,2
1145,2010-03-28,0
1146,2010-03-29,6
1147,2010-03-30,10
1148,2010-03-31,3
1149,2010-04-01,11
1150,2010-04-02,1
1151,2010-04-03,1
1152,2010-04-04,0
1153,2010-04-05,0
1154,2010-04-06,2
1155,2010-04-07,4
1156,2010-04-08,10
1157,2010-04-09,6
1158,2010-04-10,1
1159,2010-04-11,0
1160,2010-04-12,5
1161,2010-04-13,2
1162,2010-04-14,4
1163,2010-04-15,3
1164,2010-04-16,3
1165,2010-04-17,5
1166,2010-04-18,0
1167,2010-04-19,7
1168,2010-04-20,5
1169,2010-04-21,5
1170,2010-04-22,11
1171,2010-04-23,5
1172,2010-04-24,1
1173,2010-04-25,0
1174,2010-04-26,0
1175,2010-04-27,9
1176,2010-04-28,5
1177,2010-04-29,3
1178,2010-04-30,4
1179,2010-05-01,4
1180,2010-05-02,0
1181,2010-05-03,15
1182,2010-05-04,4
1183,2010-05-05,5
1184,2010-05-06,3
1185,2010-05-07,10
1186,2010-05-08,1
1187,2010-05-09,0
1188,2010-05-10,5
1189,2010-05-11,4
1190,2010-05-12,1
1191,2010-05-13,6
1192,2010-05-14,7
1193,2010-05-15,4
1194,2010-05-16,0
1195,2010-05-17,6
1196,2010-05-18,7
1197,2010-05-19,5
1198,2010-05-20,3
1199,2010-05-21,3
1200,2010-05-22,2
1201,2010-05-23,0
1202,2010-05-24,5
1203,2010-05-25,7
1204,2010-05-26,6
1205,2010-05-27,8
1206,2010-05-28,7
1207,2010-05-29,5
1208,2010-05-30,0
1209,2010-05-31,13
1210,2010-06-01,7
1211,2010-06-02,8
1212,2010-06-03,5
1213,2010-06-04,9
1214,2010-06-05,8
1215,2010-06-06,0
1216,2010-06-07,5
1217,2010-06-08,5
1218,2010-06-09,8
1219,2010-06-10,3
1220,2010-06-11,1
1221,2010-06-12,1
1222,2010-06-13,0
1223,2010-06-14,0
1224,2010-06-15,7
1225,2010-06-16,8
1226,2010-06-17,9
1227,2010-06-18,6
1228,2010-06-19,4
1229,2010-06-20,0
1230,2010-06-21,6
1231,2010-06-22,1
1232,2010-06-23,6
1233,2010-06-24,2
1234,2010-06-25,4
1235,2010-06-26,4
1236,2010-06-27,0
1237,2010-06-28,7
1238,2010-06-29,6
1239,2010-06-30,7
1240,2010-07-01,5
1241,2010-07-02,7
1242,2010-07-03,0
1243,2010-07-04,0
1244,2010-07-05,4
1245,2010-07-06,4
1246,2010-07-07,7
1247,2010-07-08,6
1248,2010-07-09,3
1249,2010-07-10,3
1250,2010-07-11,0
1251,2010-07-12,6
1252,2010-07-13,7
1253,2010-07-14,4
1254,2010-07-15,4
1255,2010-07-16,8
1256,2010-07-17,2
1257,2010-07-18,0
1258,2010-07-19,3
1259,2010-07-20,7
1260,2010-07-21,5
1261,2010-07-22,5
1262,2010-07-23,6
1263,2010-07-24,2
1264,2010-07-25,0
1265,2010-07-26,4
1266,2010-07-27,1
1267,2010-07-28,7
1268,2010-07-29,10
1269,2010-07-30,7
1270,2010-07-31,1
1271,2010-08-01,0
1272,2010-08-02,10
1273,2010-08-03,3
1274,2010-08-04,4
1275,2010-08-05,4
1276,2010-08-06,5
1277,2010-08-07,2
1278,2010-08-08,0
1279,2010-08-09,5
1280,2010-08-10,4
1281,2010-08-11,3
1282,2010-08-12,6
1283,2010-08-13,5
1284,2010-08-14,5
1285,2010-08-15,0
1286,2010-08-16,6
1287,2010-08-17,10
1288,2010-08-18,5
1289,2010-08-19,5
1290,2010-08-20,8
1291,2010-08-21,1
1292,2010-08-22,0
1293,2010-08-23,13
1294,2010-08-24,6
1295,2010-08-25,2
1296,2010-08-26,6
1297,2010-08-27,5
1298,2010-08-28,5
1299,2010-08-29,1
1300,2010-08-30,9
1301,2010-08-31,4
1302,2010-09-01,6
1303,2010-09-02,7
1304,2010-09-03,3
1305,2010-09-04,6
1306,2010-09-05,0
1307,2010-09-06,5
1308,2010-09-07,5
1309,2010-09-08,4
1310,2010-09-09,3
1311,2010-09-10,14
1312,2010-09-11,5
1313,2010-09-12,0
1314,2010-09-13,5
1315,2010-09-14,2
1316,2010-09-15,4
1317,2010-09-16,5
1318,2010-09-17,6
1319,2010-09-18,4
1320,2010-09-19,0
1321,2010-09-20,7
1322,2010-09-21,4
1323,2010-09-22,3
1324,2010-09-23,5
1325,2010-09-24,5
1326,2010-09-25,6
1327,2010-09-26,2
1328,2010-09-27,0
1329,2010-09-28,8
1330,2010-09-29,6
1331,2010-09-30,10
1332,2010-10-01,10
1333,2010-10-02,2
1334,2010-10-03,0
1335,2010-10-04,0
1336,2010-10-05,3
1337,2010-10-06,4
1338,2010-10-07,5
1339,2010-10-08,4
1340,2010-10-09,7
1341,2010-10-10,0
1342,2010-10-11,5
1343,2010-10-12,4
1344,2010-10-13,4
1345,2010-10-14,2
1346,2010-10-15,5
1347,2010-10-16,5
1348,2010-10-17,0
1349,2010-10-18,5
1350,2010-10-19,7
1351,2010-10-20,8
1352,2010-10-21,4
1353,2010-10-22,5
1354,2010-10-23,6
1355,2010-10-24,0
1356,2010-10-25,7
1357,2010-10-26,5
1358,2010-10-27,7
1359,2010-10-28,8
1360,2010-10-29,8
1361,2010-10-30,6
1362,2010-10-31,0
1363,2010-11-01,5
1364,2010-11-02,7
1365,2010-11-03,5
1366,2010-11-04,5
1367,2010-11-05,7
1368,2010-11-06,7
1369,2010-11-07,0
1370,2010-11-08,11
1371,2010-11-09,4
1372,2010-11-10,8
1373,2010-11-11,6
1374,2010-11-12,10
1375,2010-11-13,5
1376,2010-11-14,0
1377,2010-11-15,12
1378,2010-11-16,3
1379,2010-11-17,6
1380,2010-11-18,5
1381,2010-11-19,9
1382,2010-11-20,6
1383,2010-11-21,0
1384,2010-11-22,10
1385,2010-11-23,4
1386,2010-11-24,5
1387,2010-11-25,7
1388,2010-11-26,5
1389,2010-11-27,6
1390,2010-11-28,0
1391,2010-11-29,9
1392,2010-11-30,5
1393,2010-12-01,10
1394,2010-12-02,7
1395,2010-12-03,6
1396,2010-12-04,10
1397,2010-12-05,0
1398,2010-12-06,2
1399,2010-12-07,2
1400,2010-12-08,13
1401,2010-12-09,5
1402,2010-12-10,8
1403,2010-12-11,4
1404,2010-12-12,2
1405,2010-12-13,11
1406,2010-12-14,10
1407,2010-12-15,8
1408,2010-12-16,7
1409,2010-12-17,3
1410,2010-12-18,4
1411,2010-12-19,1
1412,2010-12-20,2
1413,2010-12-21,5
1414,2010-12-22,10
1415,2010-12-23,13
1416,2010-12-24,4
1417,2010-12-25,0
1418,2010-12-26,0
1419,2010-12-27,0
1420,2010-12-28,0
1421,2010-12-29,0
1422,2010-12-30,1
1423,2010-12-31,0
1424,2011-01-01,0
1425,2011-01-02,0
1426,2011-01-03,0
1427,2011-01-04,1
1428,2011-01-05,2
1429,2011-01-06,4
1430,2011-01-07,3
1431,2011-01-08,0
1432,2011-01-09,0
1433,2011-01-10,4
1434,2011-01-11,3
1435,2011-01-12,7
1436,2011-01-13,3
1437,2011-01-14,4
1438,2011-01-15,1
1439,2011-01-16,0
1440,2011-01-17,6
1441,2011-01-18,5
1442,2011-01-19,5
1443,2011-01-20,6
1444,2011-01-21,5
1445,2011-01-22,1
1446,2011-01-23,0
1447,2011-01-24,5
1448,2011-01-25,6
1449,2011-01-26,0
1450,2011-01-27,4
1451,2011-01-28,3
1452,2011-01-29,1
1453,2011-01-30,0
1454,2011-01-31,3
1455,2011-02-01,3
1456,2011-02-02,5
1457,2011-02-03,5
1458,2011-02-04,3
1459,2011-02-05,5
1460,2011-02-06,0
1461,2011-02-07,5
1462,2011-02-08,6
1463,2011-02-09,12
1464,2011-02-10,7
1465,2011-02-11,3
1466,2011-02-12,1
1467,2011-02-13,0
1468,2011-02-14,6
1469,2011-02-15,8
1470,2011-02-16,1
1471,2011-02-17,9
1472,2011-02-18,10
1473,2011-02-19,9
1474,2011-02-20,1
1475,2011-02-21,7
1476,2011-02-22,7
1477,2011-02-23,4
1478,2011-02-24,8
1479,2011-02-25,7
1480,2011-02-26,6
1481,2011-02-27,1
1482,2011-02-28,6
1483,2011-03-01,8
1484,2011-03-02,5
1485,2011-03-03,4
1486,2011-03-04,6
1487,2011-03-05,14
1488,2011-03-06,0
1489,2011-03-07,6
1490,2011-03-08,4
1491,2011-03-09,3
1492,2011-03-10,3
1493,2011-03-11,4
1494,2011-03-12,1
1495,2011-03-13,0
1496,2011-03-14,0
1497,2011-03-15,9
1498,2011-03-16,10
1499,2011-03-17,3
1500,2011-03-18,8
1501,2011-03-19,6
1502,2011-03-20,0
1503,2011-03-21,7
1504,2011-03-22,4
1505,2011-03-23,7
1506,2011-03-24,8
1507,2011-03-25,12
1508,2011-03-26,7
1509,2011-03-27,1
1510,2011-03-28,3
1511,2011-03-29,6
1512,2011-03-30,5
1513,2011-03-31,7
1514,2011-04-01,8
1515,2011-04-02,1
1516,2011-04-03,0
1517,2011-04-04,12
1518,2011-04-05,7
1519,2011-04-06,15
1520,2011-04-07,5
1521,2011-04-08,7
1522,2011-04-09,4
1523,2011-04-10,0
1524,2011-04-11,3
1525,2011-04-12,9
1526,2011-04-13,8
1527,2011-04-14,2
1528,2011-04-15,7
1529,2011-04-16,5
1530,2011-04-17,0
1531,2011-04-18,7
1532,2011-04-19,6
1533,2011-04-20,6
1534,2011-04-21,9
1535,2011-04-22,0
1536,2011-04-23,0
1537,2011-04-24,0
1538,2011-04-25,0
1539,2011-04-26,0
1540,2011-04-27,7
1541,2011-04-28,7
1542,2011-04-29,12
1543,2011-04-30,4
1544,2011-05-01,0
1545,2011-05-02,7
1546,2011-05-03,10
1547,2011-05-04,11
1548,2011-05-05,6
1549,2011-05-06,8
1550,2011-05-07,2
1551,2011-05-08,1
1552,2011-05-09,7
1553,2011-05-10,7
1554,2011-05-11,5
1555,2011-05-12,4
1556,2011-05-13,7
1557,2011-05-14,2
1558,2011-05-15,0
1559,2011-05-16,10
1560,2011-05-17,9
1561,2011-05-18,3
1562,2011-05-19,2
1563,2011-05-20,6
1564,2011-05-21,2
1565,2011-05-22,0
1566,2011-05-23,5
1567,2011-05-24,6
1568,2011-05-25,10
1569,2011-05-26,6
1570,2011-05-27,5
1571,2011-05-28,2
1572,2011-05-29,0
1573,2011-05-30,6
1574,2011-05-31,5
1575,2011-06-01,11
1576,2011-06-02,2
1577,2011-06-03,5
1578,2011-06-04,0
1579,2011-06-05,0
1580,2011-06-06,5
1581,2011-06-07,3
1582,2011-06-08,6
1583,2011-06-09,7
1584,2011-06-10,5
1585,2011-06-11,2
1586,2011-06-12,0
1587,2011-06-13,0
1588,2011-06-14,10
1589,2011-06-15,5
1590,2011-06-16,6
1591,2011-06-17,4
1592,2011-06-18,5
1593,2011-06-19,0
1594,2011-06-20,9
1595,2011-06-21,3
1596,2011-06-22,0
1597,2011-06-23,6
1598,2011-06-24,1
1599,2011-06-25,0
1600,2011-06-26,0
1601,2011-06-27,5
1602,2011-06-28,8
1603,2011-06-29,11
1604,2011-06-30,1
1605,2011-07-01,6
1606,2011-07-02,1
1607,2011-07-03,1
1608,2011-07-04,17
1609,2011-07-05,3
1610,2011-07-06,1
1611,2011-07-07,4
1612,2011-07-08,4
1613,2011-07-09,3
1614,2011-07-10,0
1615,2011-07-11,3
1616,2011-07-12,5
1617,2011-07-13,9
1618,2011-07-14,4
1619,2011-07-15,7
1620,2011-07-16,6
1621,2011-07-17,0
1622,2011-07-18,6
1623,2011-07-19,2
1624,2011-07-20,8
1625,2011-07-21,3
1626,2011-07-22,10
1627,2011-07-23,3
1628,2011-07-24,0
1629,2011-07-25,6
1630,2011-07-26,6
1631,2011-07-27,2
1632,2011-07-28,6
1633,2011-07-29,5
1634,2011-07-30,3
1635,2011-07-31,0
1636,2011-08-01,2
1637,2011-08-02,1
1638,2011-08-03,12
1639,2011-08-04,6
1640,2011-08-05,16
1641,2011-08-06,1
1642,2011-08-07,0
1643,2011-08-08,7
1644,2011-08-09,4
1645,2011-08-10,3
1646,2011-08-11,6
1647,2011-08-12,4
1648,2011-08-13,2
1649,2011-08-14,0
1650,2011-08-15,4
1651,2011-08-16,5
1652,2011-08-17,5
1653,2011-08-18,6
1654,2011-08-19,6
1655,2011-08-20,6
1656,2011-08-21,0
1657,2011-08-22,5
1658,2011-08-23,8
1659,2011-08-24,3
1660,2011-08-25,4
1661,2011-08-26,5
1662,2011-08-27,4
1663,2011-08-28,0
1664,2011-08-29,4
1665,2011-08-30,7
1666,2011-08-31,8
1667,2011-09-01,3
1668,2011-09-02,7
1669,2011-09-03,1
1670,2011-09-04,0
1671,2011-09-05,7
1672,2011-09-06,2
1673,2011-09-07,6
1674,2011-09-08,4
1675,2011-09-09,3
1676,2011-09-10,1
1677,2011-09-11,0
1678,2011-09-12,7
1679,2011-09-13,5
1680,2011-09-14,1
1681,2011-09-15,4
1682,2011-09-16,3
1683,2011-09-17,0
1684,2011-09-18,0
1685,2011-09-19,8
1686,2011-09-20,3
1687,2011-09-21,8
1688,2011-09-22,2
1689,2011-09-23,6
1690,2011-09-24,7
1691,2011-09-25,1
1692,2011-09-26,2
1693,2011-09-27,4
1694,2011-09-28,1
1695,2011-09-29,2
1696,2011-09-30,9
1697,2011-10-01,4
1698,2011-10-02,0
1699,2011-10-03,0
1700,2011-10-04,8
1701,2011-10-05,8
1702,2011-10-06,8
1703,2011-10-07,6
1704,2011-10-08,2
1705,2011-10-09,0
1706,2011-10-10,1
1707,2011-10-11,4
1708,2011-10-12,7
1709,2011-10-13,6
1710,2011-10-14,3
1711,2011-10-15,2
1712,2011-10-16,0
1713,2011-10-17,6
1714,2011-10-18,8
1715,2011-10-19,12
1716,2011-10-20,6
1717,2011-10-21,6
1718,2011-10-22,2
1719,2011-10-23,0
1720,2011-10-24,6
1721,2011-10-25,4
1722,2011-10-26,6
1723,2011-10-27,4
1724,2011-10-28,5
1725,2011-10-29,3
1726,2011-10-30,1
1727,2011-10-31,4
1728,2011-11-01,3
1729,2011-11-02,8
1730,2011-11-03,2
1731,2011-11-04,9
1732,2011-11-05,4
1733,2011-11-06,1
1734,2011-11-07,13
1735,2011-11-08,9
1736,2011-11-09,6
1737,2011-11-10,9
1738,2011-11-11,5
1739,2011-11-12,3
1740,2011-11-13,0
1741,2011-11-14,8
1742,2011-11-15,5
1743,2011-11-16,11
1744,2011-11-17,10
1745,2011-11-18,8
1746,2011-11-19,7
1747,2011-11-20,0
1748,2011-11-21,6
1749,2011-11-22,7
1750,2011-11-23,5
1751,2011-11-24,6
1752,2011-11-25,11
1753,2011-11-26,6
1754,2011-11-27,0
1755,2011-11-28,5
1756,2011-11-29,9
1757,2011-11-30,8
1758,2011-12-01,7
1759,2011-12-02,5
1760,2011-12-03,4
1761,2011-12-04,0
1762,2011-12-05,9
1763,2011-12-06,3
1764,2011-12-07,9
1765,2011-12-08,7
1766,2011-12-09,8
1767,2011-12-10,3
1768,2011-12-11,0
1769,2011-12-12,7
1770,2011-12-13,8
1771,2011-12-14,7
1772,2011-12-15,3
1773,2011-12-16,6
1774,2011-12-17,2
1775,2011-12-18,0
1776,2011-12-19,4
1777,2011-12-20,7
1778,2011-12-21,8
1779,2011-12-22,8
1780,2011-12-23,4
1781,2011-12-24,0
1782,2011-12-25,0
1783,2011-12-26,0
1784,2011-12-27,0
1785,2011-12-28,0
1786,2011-12-29,0
1787,2011-12-30,0
1788,2011-12-31,0
1789,2012-01-01,0
1790,2012-01-02,0
1791,2012-01-03,3
1792,2012-01-04,1
1793,2012-01-05,3
1794,2012-01-06,2
1795,2012-01-07,0
1796,2012-01-08,0
1797,2012-01-09,4
1798,2012-01-10,3
1799,2012-01-11,3
1800,2012-01-12,2
1801,2012-01-13,0
1802,2012-01-14,0
1803,2012-01-15,1
1804,2012-01-16,6
1805,2012-01-17,6
1806,2012-01-18,7
1807,2012-01-19,5
1808,2012-01-20,3
1809,2012-01-21,1
1810,2012-01-22,0
1811,2012-01-23,6
1812,2012-01-24,5
1813,2012-01-25,4
1814,2012-01-26,1
1815,2012-01-27,7
1816,2012-01-28,0
1817,2012-01-29,0
1818,2012-01-30,9
1819,2012-01-31,7
1820,2012-02-01,2
1821,2012-02-02,7
1822,2012-02-03,6
1823,2012-02-04,3
1824,2012-02-05,0
1825,2012-02-06,9
1826,2012-02-07,3
1827,2012-02-08,8
1828,2012-02-09,5
1829,2012-02-10,3
1830,2012-02-11,2
1831,2012-02-12,0
1832,2012-02-13,5
1833,2012-02-14,7
1834,2012-02-15,4
1835,2012-02-16,4
1836,2012-02-17,9
1837,2012-02-18,4
1838,2012-02-19,0
1839,2012-02-20,17
1840,2012-02-21,11
1841,2012-02-22,7
1842,2012-02-23,5
1843,2012-02-24,9
1844,2012-02-25,1
1845,2012-02-26,0
1846,2012-02-27,3
1847,2012-02-28,7
1848,2012-02-29,5
1849,2012-03-01,6
1850,2012-03-02,10
1851,2012-03-03,3
1852,2012-03-04,0
1853,2012-03-05,7
1854,2012-03-06,5
1855,2012-03-07,14
1856,2012-03-08,9
1857,2012-03-09,8
1858,2012-03-10,2
1859,2012-03-11,0
1860,2012-03-12,0
1861,2012-03-13,5
1862,2012-03-14,5
1863,2012-03-15,8
1864,2012-03-16,7
1865,2012-03-17,7
1866,2012-03-18,0
1867,2012-03-19,10
1868,2012-03-20,5
1869,2012-03-21,5
1870,2012-03-22,6
1871,2012-03-23,9
1872,2012-03-24,4
1873,2012-03-25,0
1874,2012-03-26,5
1875,2012-03-27,5
1876,2012-03-28,6
1877,2012-03-29,10
1878,2012-03-30,11
1879,2012-03-31,6
1880,2012-04-01,0
1881,2012-04-02,5
1882,2012-04-03,4
1883,2012-04-04,10
1884,2012-04-05,10
1885,2012-04-06,1
1886,2012-04-07,0
1887,2012-04-08,0
1888,2012-04-09,0
1889,2012-04-10,5
1890,2012-04-11,9
1891,2012-04-12,6
1892,2012-04-13,4
1893,2012-04-14,6
1894,2012-04-15,0
1895,2012-04-16,3
1896,2012-04-17,7
1897,2012-04-18,4
1898,2012-04-19,9
1899,2012-04-20,5
1900,2012-04-21,2
1901,2012-04-22,0
1902,2012-04-23,7
1903,2012-04-24,1
1904,2012-04-25,1
1905,2012-04-26,9
1906,2012-04-27,7
1907,2012-04-28,4
1908,2012-04-29,0
1909,2012-04-30,2
1910,2012-05-01,5
1911,2012-05-02,1
1912,2012-05-03,11
1913,2012-05-04,6
1914,2012-05-05,4
1915,2012-05-06,0
1916,2012-05-07,10
1917,2012-05-08,7
1918,2012-05-09,6
1919,2012-05-10,7
1920,2012-05-11,6
1921,2012-05-12,5
1922,2012-05-13,0
1923,2012-05-14,4
1924,2012-05-15,3
1925,2012-05-16,6
1926,2012-05-17,6
1927,2012-05-18,7
1928,2012-05-19,4
1929,2012-05-20,0
1930,2012-05-21,12
1931,2012-05-22,6
1932,2012-05-23,9
1933,2012-05-24,8
1934,2012-05-25,13
1935,2012-05-26,3
1936,2012-05-27,0
1937,2012-05-28,4
1938,2012-05-29,6
1939,2012-05-30,5
1940,2012-05-31,8
1941,2012-06-01,4
1942,2012-06-02,3
1943,2012-06-03,0
1944,2012-06-04,1
1945,2012-06-05,8
1946,2012-06-06,6
1947,2012-06-07,9
1948,2012-06-08,8
1949,2012-06-09,0
1950,2012-06-10,0
1951,2012-06-11,1
1952,2012-06-12,3
1953,2012-06-13,1
1954,2012-06-14,6
1955,2012-06-15,3
1956,2012-06-16,2
1957,2012-06-17,0
1958,2012-06-18,10
1959,2012-06-19,3
1960,2012-06-20,3
1961,2012-06-21,2
1962,2012-06-22,4
1963,2012-06-23,1
1964,2012-06-24,0
1965,2012-06-25,8
1966,2012-06-26,4
1967,2012-06-27,9
1968,2012-06-28,6
1969,2012-06-29,14
1970,2012-06-30,3
1971,2012-07-01,0
1972,2012-07-02,6
1973,2012-07-03,8
1974,2012-07-04,5
1975,2012-07-05,5
1976,2012-07-06,9
1977,2012-07-07,2
1978,2012-07-08,0
1979,2012-07-09,2
1980,2012-07-10,4
1981,2012-07-11,7
1982,2012-07-12,2
1983,2012-07-13,5
1984,2012-07-14,2
1985,2012-07-15,2
1986,2012-07-16,10
1987,2012-07-17,2
1988,2012-07-18,6
1989,2012-07-19,3
1990,2012-07-20,6
1991,2012-07-21,1
1992,2012-07-22,0
1993,2012-07-23,8
1994,2012-07-24,7
1995,2012-07-25,7
1996,2012-07-26,3
1997,2012-07-27,4
1998,2012-07-28,7
1999,2012-07-29,0
2000,2012-07-30,8
2001,2012-07-31,8
2002,2012-08-01,4
2003,2012-08-02,9
2004,2012-08-03,9
2005,2012-08-04,4
2006,2012-08-05,0
2007,2012-08-06,5
2008,2012-08-07,3
2009,2012-08-08,7
2010,2012-08-09,2
2011,2012-08-10,8
2012,2012-08-11,4
2013,2012-08-12,1
2014,2012-08-13,9
2015,2012-08-14,5
2016,2012-08-15,8
2017,2012-08-16,6
2018,2012-08-17,13
2019,2012-08-18,4
2020,2012-08-19,0
2021,2012-08-20,5
2022,2012-08-21,6
2023,2012-08-22,5
2024,2012-08-23,6
2025,2012-08-24,8
2026,2012-08-25,5
2027,2012-08-26,0
2028,2012-08-27,6
2029,2012-08-28,7
2030,2012-08-29,10
2031,2012-08-30,8
2032,2012-08-31,12
2033,2012-09-01,4
2034,2012-09-02,0
2035,2012-09-03,3
2036,2012-09-04,1
2037,2012-09-05,8
2038,2012-09-06,3
2039,2012-09-07,12
2040,2012-09-08,2
2041,2012-09-09,1
2042,2012-09-10,10
2043,2012-09-11,9
2044,2012-09-12,6
2045,2012-09-13,5
2046,2012-09-14,8
2047,2012-09-15,6
2048,2012-09-16,0
2049,2012-09-17,8
2050,2012-09-18,5
2051,2012-09-19,7
2052,2012-09-20,8
2053,2012-09-21,7
2054,2012-09-22,17
2055,2012-09-23,1
2056,2012-09-24,9
2057,2012-09-25,6
2058,2012-09-26,5
2059,2012-09-27,4
2060,2012-09-28,12
2061,2012-09-29,3
2062,2012-09-30,1
2063,2012-10-01,0
2064,2012-10-02,3
2065,2012-10-03,10
2066,2012-10-04,9
2067,2012-10-05,10
2068,2012-10-06,2
2069,2012-10-07,0
2070,2012-10-08,0
2071,2012-10-09,4
2072,2012-10-10,10
2073,2012-10-11,7
2074,2012-10-12,9
2075,2012-10-13,1
2076,2012-10-14,0
2077,2012-10-15,6
2078,2012-10-16,8
2079,2012-10-17,12
2080,2012-10-18,4
2081,2012-10-19,18
2082,2012-10-20,2
2083,2012-10-21,0
2084,2012-10-22,10
2085,2012-10-23,8
2086,2012-10-24,8
2087,2012-10-25,6
2088,2012-10-26,8
2089,2012-10-27,2
2090,2012-10-28,0
2091,2012-10-29,8
2092,2012-10-30,9
2093,2012-10-31,7
2094,2012-11-01,5
2095,2012-11-02,10
2096,2012-11-03,13
2097,2012-11-04,0
2098,2012-11-05,6
2099,2012-11-06,7
2100,2012-11-07,8
2101,2012-11-08,7
2102,2012-11-09,10
2103,2012-11-10,8
2104,2012-11-11,0
2105,2012-11-12,8
2106,2012-11-13,8
2107,2012-11-14,1
2108,2012-11-15,6
2109,2012-11-16,9
2110,2012-11-17,10
2111,2012-11-18,0
2112,2012-11-19,8
2113,2012-11-20,7
2114,2012-11-21,11
2115,2012-11-22,6
2116,2012-11-23,10
2117,2012-11-24,6
2118,2012-11-25,1
2119,2012-11-26,11
2120,2012-11-27,13
2121,2012-11-28,6
2122,2012-11-29,3
2123,2012-11-30,6
2124,2012-12-01,9
2125,2012-12-02,0
2126,2012-12-03,13
2127,2012-12-04,8
2128,2012-12-05,5
2129,2012-12-06,8
2130,2012-12-07,10
2131,2012-12-08,6
2132,2012-12-09,0
2133,2012-12-10,7
2134,2012-12-11,18
2135,2012-12-12,3
2136,2012-12-13,4
2137,2012-12-14,7
2138,2012-12-15,5
2139,2012-12-16,0
2140,2012-12-17,7
2141,2012-12-18,7
2142,2012-12-19,10
2143,2012-12-20,8
2144,2012-12-21,19
2145,2012-12-22,0
2146,2012-12-23,1
2147,2012-12-24,0
2148,2012-12-25,0
2149,2012-12-26,0
2150,2012-12-27,0
2151,2012-12-28,1
2152,2012-12-29,0
2153,2012-12-30,0
2154,2012-12-31,0
2155,2013-01-01,0
2156,2013-01-02,1
2157,2013-01-03,1
2158,2013-01-04,2
2159,2013-01-05,0
2160,2013-01-06,0
2161,2013-01-07,6
2162,2013-01-08,5
2163,2013-01-09,4
2164,2013-01-10,7
2165,2013-01-11,4
2166,2013-01-12,1
2167,2013-01-13,0
2168,2013-01-14,6
2169,2013-01-15,7
2170,2013-01-16,5
2171,2013-01-17,4
2172,2013-01-18,9
2173,2013-01-19,0
2174,2013-01-20,0
2175,2013-01-21,8
2176,2013-01-22,6
2177,2013-01-23,8
2178,2013-01-24,5
2179,2013-01-25,8
2180,2013-01-26,0
2181,2013-01-27,1
2182,2013-01-28,0
2183,2013-01-29,5
2184,2013-01-30,7
2185,2013-01-31,5
2186,2013-02-01,8
2187,2013-02-02,3
2188,2013-02-03,0
2189,2013-02-04,6
2190,2013-02-05,6
2191,2013-02-06,10
2192,2013-02-07,6
2193,2013-02-08,11
2194,2013-02-09,1
2195,2013-02-10,0
2196,2013-02-11,2
2197,2013-02-12,4
2198,2013-02-13,2
2199,2013-02-14,3
2200,2013-02-15,11
2201,2013-02-16,3
2202,2013-02-17,1
2203,2013-02-18,7
2204,2013-02-19,6
2205,2013-02-20,8
2206,2013-02-21,11
2207,2013-02-22,5
2208,2013-02-23,3
2209,2013-02-24,3
2210,2013-02-25,8
2211,2013-02-26,5
2212,2013-02-27,9
2213,2013-02-28,9
2214,2013-03-01,9
2215,2013-03-02,2
2216,2013-03-03,1
2217,2013-03-04,4
2218,2013-03-05,10
2219,2013-03-06,9
2220,2013-03-07,3
2221,2013-03-08,6
2222,2013-03-09,2
2223,2013-03-10,0
2224,2013-03-11,0
2225,2013-03-12,10
2226,2013-03-13,9
2227,2013-03-14,7
2228,2013-03-15,12
2229,2013-03-16,4
2230,2013-03-17,0
2231,2013-03-18,9
2232,2013-03-19,8
2233,2013-03-20,6
2234,2013-03-21,5
2235,2013-03-22,7
2236,2013-03-23,1
2237,2013-03-24,1
2238,2013-03-25,14
2239,2013-03-26,5
2240,2013-03-27,5
2241,2013-03-28,12
2242,2013-03-29,1
2243,2013-03-30,0
2244,2013-03-31,0
2245,2013-04-01,0
2246,2013-04-02,6
2247,2013-04-03,10
2248,2013-04-04,4
2249,2013-04-05,14
2250,2013-04-06,1
2251,2013-04-07,0
2252,2013-04-08,8
2253,2013-04-09,8
2254,2013-04-10,12
2255,2013-04-11,4
2256,2013-04-12,6
2257,2013-04-13,8
2258,2013-04-14,2
2259,2013-04-15,8
2260,2013-04-16,5
2261,2013-04-17,7
2262,2013-04-18,7
2263,2013-04-19,9
2264,2013-04-20,2
2265,2013-04-21,0
2266,2013-04-22,6
2267,2013-04-23,6
2268,2013-04-24,8
2269,2013-04-25,0
2270,2013-04-26,8
2271,2013-04-27,3
2272,2013-04-28,0
2273,2013-04-29,9
2274,2013-04-30,2
2275,2013-05-01,6
2276,2013-05-02,9
2277,2013-05-03,5
2278,2013-05-04,7
2279,2013-05-05,0
2280,2013-05-06,16
2281,2013-05-07,7
2282,2013-05-08,6
2283,2013-05-09,6
2284,2013-05-10,3
2285,2013-05-11,2
2286,2013-05-12,0
2287,2013-05-13,13
2288,2013-05-14,6
2289,2013-05-15,8
2290,2013-05-16,4
2291,2013-05-17,6
2292,2013-05-18,4
2293,2013-05-19,0
2294,2013-05-20,7
2295,2013-05-21,4
2296,2013-05-22,3
2297,2013-05-23,3
2298,2013-05-24,4
2299,2013-05-25,7
2300,2013-05-26,1
2301,2013-05-27,11
2302,2013-05-28,11
2303,2013-05-29,8
2304,2013-05-30,6
2305,2013-05-31,6
2306,2013-06-01,4
2307,2013-06-02,0
2308,2013-06-03,7
2309,2013-06-04,11
2310,2013-06-05,10
2311,2013-06-06,7
2312,2013-06-07,13
2313,2013-06-08,1
2314,2013-06-09,1
2315,2013-06-10,1
2316,2013-06-11,5
2317,2013-06-12,3
2318,2013-06-13,7
2319,2013-06-14,11
2320,2013-06-15,4
2321,2013-06-16,1
2322,2013-06-17,5
2323,2013-06-18,9
2324,2013-06-19,11
2325,2013-06-20,5
2326,2013-06-21,7
2327,2013-06-22,4
2328,2013-06-23,0
2329,2013-06-24,4
2330,2013-06-25,8
2331,2013-06-26,9
2332,2013-06-27,8
2333,2013-06-28,7
2334,2013-06-29,7
2335,2013-06-30,0
2336,2013-07-01,12
2337,2013-07-02,11
2338,2013-07-03,11
2339,2013-07-04,4
2340,2013-07-05,5
2341,2013-07-06,3
2342,2013-07-07,0
2343,2013-07-08,8
2344,2013-07-09,12
2345,2013-07-10,7
2346,2013-07-11,10
2347,2013-07-12,9
2348,2013-07-13,3
2349,2013-07-14,0
2350,2013-07-15,9
2351,2013-07-16,6
2352,2013-07-17,7
2353,2013-07-18,5
2354,2013-07-19,12
2355,2013-07-20,3
2356,2013-07-21,0
2357,2013-07-22,9
2358,2013-07-23,12
2359,2013-07-24,13
2360,2013-07-25,2
2361,2013-07-26,11
2362,2013-07-27,2
2363,2013-07-28,0
2364,2013-07-29,7
2365,2013-07-30,10
2366,2013-07-31,10
2367,2013-08-01,6
2368,2013-08-02,8
2369,2013-08-03,3
2370,2013-08-04,0
2371,2013-08-05,5
2372,2013-08-06,8
2373,2013-08-07,9
2374,2013-08-08,16
2375,2013-08-09,5
2376,2013-08-10,4
2377,2013-08-11,0
2378,2013-08-12,6
2379,2013-08-13,8
2380,2013-08-14,7
2381,2013-08-15,4
2382,2013-08-16,10
2383,2013-08-17,9
2384,2013-08-18,0
2385,2013-08-19,11
2386,2013-08-20,6
2387,2013-08-21,14
2388,2013-08-22,5
2389,2013-08-23,12
2390,2013-08-24,9
2391,2013-08-25,0
2392,2013-08-26,9
2393,2013-08-27,8
2394,2013-08-28,13
2395,2013-08-29,9
2396,2013-08-30,21
2397,2013-08-31,5
2398,2013-09-01,2
2399,2013-09-02,3
2400,2013-09-03,8
2401,2013-09-04,5
2402,2013-09-05,5
2403,2013-09-06,6
2404,2013-09-07,6
2405,2013-09-08,0
2406,2013-09-09,2
2407,2013-09-10,8
2408,2013-09-11,7
2409,2013-09-12,5
2410,2013-09-13,1
2411,2013-09-14,7
2412,2013-09-15,0
2413,2013-09-16,4
2414,2013-09-17,4
2415,2013-09-18,14
2416,2013-09-19,5
2417,2013-09-20,7
2418,2013-09-21,12
2419,2013-09-22,0
2420,2013-09-23,12
2421,2013-09-24,7
2422,2013-09-25,6
2423,2013-09-26,8
2424,2013-09-27,6
2425,2013-09-28,6
2426,2013-09-29,0
2427,2013-09-30,1
2428,2013-10-01,5
2429,2013-10-02,6
2430,2013-10-03,9
2431,2013-10-04,7
2432,2013-10-05,0
2433,2013-10-06,0
2434,2013-10-07,1
2435,2013-10-08,4
2436,2013-10-09,5
2437,2013-10-10,5
2438,2013-10-11,4
2439,2013-10-12,11
2440,2013-10-13,0
2441,2013-10-14,5
2442,2013-10-15,7
2443,2013-10-16,6
2444,2013-10-17,6
2445,2013-10-18,4
2446,2013-10-19,11
2447,2013-10-20,0
2448,2013-10-21,5
2449,2013-10-22,10
2450,2013-10-23,6
2451,2013-10-24,5
2452,2013-10-25,12
2453,2013-10-26,8
2454,2013-10-27,0
2455,2013-10-28,5
2456,2013-10-29,6
2457,2013-10-30,2
2458,2013-10-31,10
2459,2013-11-01,7
2460,2013-11-02,2
2461,2013-11-03,0
2462,2013-11-04,6
2463,2013-11-05,6
2464,2013-11-06,9
2465,2013-11-07,19
2466,2013-11-08,9
2467,2013-11-09,4
2468,2013-11-10,1
2469,2013-11-11,8
2470,2013-11-12,8
2471,2013-11-13,14
2472,2013-11-14,9
2473,2013-11-15,15
2474,2013-11-16,8
2475,2013-11-17,0
2476,2013-11-18,13
2477,2013-11-19,10
2478,2013-11-20,8
2479,2013-11-21,14
2480,2013-11-22,8
2481,2013-11-23,5
2482,2013-11-24,0
2483,2013-11-25,8
2484,2013-11-26,7
2485,2013-11-27,11
2486,2013-11-28,12
2487,2013-11-29,10
2488,2013-11-30,8
2489,2013-12-01,0
2490,2013-12-02,4
2491,2013-12-03,5
2492,2013-12-04,10
2493,2013-12-05,6
2494,2013-12-06,8
2495,2013-12-07,18
2496,2013-12-08,1
2497,2013-12-09,13
2498,2013-12-10,8
2499,2013-12-11,13
2500,2013-12-12,3
2501,2013-12-13,7
2502,2013-12-14,5
2503,2013-12-15,0
2504,2013-12-16,9
2505,2013-12-17,5
2506,2013-12-18,16
2507,2013-12-19,6
2508,2013-12-20,21
2509,2013-12-21,1
2510,2013-12-22,0
2511,2013-12-23,12
2512,2013-12-24,4
2513,2013-12-25,0
2514,2013-12-26,0
2515,2013-12-27,0
2516,2013-12-28,0
2517,2013-12-29,0
2518,2013-12-30,0
2519,2013-12-31,0
2520,2014-01-01,0
2521,2014-01-02,0
2522,2014-01-03,0
2523,2014-01-04,0
2524,2014-01-05,0
2525,2014-01-06,2
2526,2014-01-07,6
2527,2014-01-08,2
2528,2014-01-09,2
2529,2014-01-10,1
2530,2014-01-11,0
2531,2014-01-12,0
2532,2014-01-13,7
2533,2014-01-14,4
2534,2014-01-15,2
2535,2014-01-16,6
2536,2014-01-17,8
2537,2014-01-18,0
2538,2014-01-19,0
2539,2014-01-20,11
2540,2014-01-21,8
2541,2014-01-22,10
2542,2014-01-23,5
2543,2014-01-24,6
2544,2014-01-25,1
2545,2014-01-26,0
2546,2014-01-27,0
2547,2014-01-28,7
2548,2014-01-29,8
2549,2014-01-30,6
2550,2014-01-31,11
2551,2014-02-01,2
2552,2014-02-02,0
2553,2014-02-03,10
2554,2014-02-04,10
2555,2014-02-05,7
2556,2014-02-06,9
2557,2014-02-07,14
2558,2014-02-08,6
2559,2014-02-09,0
2560,2014-02-10,11
2561,2014-02-11,15
2562,2014-02-12,11
2563,2014-02-13,9
2564,2014-02-14,14
2565,2014-02-15,10
2566,2014-02-16,0
2567,2014-02-17,8
2568,2014-02-18,14
2569,2014-02-19,13
2570,2014-02-20,13
2571,2014-02-21,14
2572,2014-02-22,13
2573,2014-02-23,0
2574,2014-02-24,15
2575,2014-02-25,12
2576,2014-02-26,4
2577,2014-02-27,9
2578,2014-02-28,8
2579,2014-03-01,8
2580,2014-03-02,0
2581,2014-03-03,11
2582,2014-03-04,7
2583,2014-03-05,13
2584,2014-03-06,18
2585,2014-03-07,10
2586,2014-03-08,5
2587,2014-03-09,0
2588,2014-03-10,1
2589,2014-03-11,5
2590,2014-03-12,10
2591,2014-03-13,10
2592,2014-03-14,12
2593,2014-03-15,16
2594,2014-03-16,0
2595,2014-03-17,7
2596,2014-03-18,11
2597,2014-03-19,11
2598,2014-03-20,7
2599,2014-03-21,18
2600,2014-03-22,11
2601,2014-03-23,1
2602,2014-03-24,10
2603,2014-03-25,6
2604,2014-03-26,12
2605,2014-03-27,13
2606,2014-03-28,11
2607,2014-03-29,8
2608,2014-03-30,0
2609,2014-03-31,16
2610,2014-04-01,7
2611,2014-04-02,10
2612,2014-04-03,9
2613,2014-04-04,12
2614,2014-04-05,8
2615,2014-04-06,1
2616,2014-04-07,11
2617,2014-04-08,6
2618,2014-04-09,10
2619,2014-04-10,12
2620,2014-04-11,9
2621,2014-04-12,10
2622,2014-04-13,0
2623,2014-04-14,18
2624,2014-04-15,8
2625,2014-04-16,17
2626,2014-04-17,13
2627,2014-04-18,1
2628,2014-04-19,0
2629,2014-04-20,0
2630,2014-04-21,0
2631,2014-04-22,12
2632,2014-04-23,12
2633,2014-04-24,7
2634,2014-04-25,0
2635,2014-04-26,1
2636,2014-04-27,0
2637,2014-04-28,8
2638,2014-04-29,10
2639,2014-04-30,12
2640,2014-05-01,6
2641,2014-05-02,11
2642,2014-05-03,8
2643,2014-05-04,0
2644,2014-05-05,12
2645,2014-05-06,11
2646,2014-05-07,12
2647,2014-05-08,8
2648,2014-05-09,12
2649,2014-05-10,5
2650,2014-05-11,0
2651,2014-05-12,12
2652,2014-05-13,8
2653,2014-05-14,7
2654,2014-05-15,6
2655,2014-05-16,9
2656,2014-05-17,3
2657,2014-05-18,0
2658,2014-05-19,9
2659,2014-05-20,10
2660,2014-05-21,8
2661,2014-05-22,8
2662,2014-05-23,10
2663,2014-05-24,11
2664,2014-05-25,0
2665,2014-05-26,11
2666,2014-05-27,12
2667,2014-05-28,4
2668,2014-05-29,9
2669,2014-05-30,4
2670,2014-05-31,14
2671,2014-06-01,0
2672,2014-06-02,11
2673,2014-06-03,2
2674,2014-06-04,10
2675,2014-06-05,11
2676,2014-06-06,8
2677,2014-06-07,3
2678,2014-06-08,0
2679,2014-06-09,1
2680,2014-06-10,8
2681,2014-06-11,5
2682,2014-06-12,8
2683,2014-06-13,6
2684,2014-06-14,10
2685,2014-06-15,0
2686,2014-06-16,6
2687,2014-06-17,10
2688,2014-06-18,8
2689,2014-06-19,2
2690,2014-06-20,8
2691,2014-06-21,7
2692,2014-06-22,1
2693,2014-06-23,12
2694,2014-06-24,5
2695,2014-06-25,6
2696,2014-06-26,16
2697,2014-06-27,8
2698,2014-06-28,8
2699,2014-06-29,1
2700,2014-06-30,12
2701,2014-07-01,7
2702,2014-07-02,11
2703,2014-07-03,6
2704,2014-07-04,9
2705,2014-07-05,7
2706,2014-07-06,0
2707,2014-07-07,7
2708,2014-07-08,6
2709,2014-07-09,6
2710,2014-07-10,13
2711,2014-07-11,10
2712,2014-07-12,9
2713,2014-07-13,0
2714,2014-07-14,6
2715,2014-07-15,8
2716,2014-07-16,7
2717,2014-07-17,6
2718,2014-07-18,11
2719,2014-07-19,5
2720,2014-07-20,0
2721,2014-07-21,12
2722,2014-07-22,12
2723,2014-07-23,4
2724,2014-07-24,6
2725,2014-07-25,12
2726,2014-07-26,11
2727,2014-07-27,0
2728,2014-07-28,14
2729,2014-07-29,1
2730,2014-07-30,9
2731,2014-07-31,12
2732,2014-08-01,9
2733,2014-08-02,5
2734,2014-08-03,0
2735,2014-08-04,6
2736,2014-08-05,7
2737,2014-08-06,14
2738,2014-08-07,8
2739,2014-08-08,11
2740,2014-08-09,7
2741,2014-08-10,0
2742,2014-08-11,11
2743,2014-08-12,1
2744,2014-08-13,10
2745,2014-08-14,6
2746,2014-08-15,11
2747,2014-08-16,16
2748,2014-08-17,0
2749,2014-08-18,7
2750,2014-08-19,13
2751,2014-08-20,10
2752,2014-08-21,5
2753,2014-08-22,5
2754,2014-08-23,6
2755,2014-08-24,0
2756,2014-08-25,6
2757,2014-08-26,9
2758,2014-08-27,8
2759,2014-08-28,11
2760,2014-08-29,10
2761,2014-08-30,11
2762,2014-08-31,0
2763,2014-09-01,10
2764,2014-09-02,7
2765,2014-09-03,10
2766,2014-09-04,5
2767,2014-09-05,13
2768,2014-09-06,15
2769,2014-09-07,0
2770,2014-09-08,7
2771,2014-09-09,5
2772,2014-09-10,9
2773,2014-09-11,5
2774,2014-09-12,12
2775,2014-09-13,11
2776,2014-09-14,0
2777,2014-09-15,9
2778,2014-09-16,9
2779,2014-09-17,8
2780,2014-09-18,13
2781,2014-09-19,9
2782,2014-09-20,18
2783,2014-09-21,0
2784,2014-09-22,10
2785,2014-09-23,4
2786,2014-09-24,7
2787,2014-09-25,11
2788,2014-09-26,11
2789,2014-09-27,7
2790,2014-09-28,1
2791,2014-09-29,0
2792,2014-09-30,9
2793,2014-10-01,17
2794,2014-10-02,9
2795,2014-10-03,8
2796,2014-10-04,1
2797,2014-10-05,0
2798,2014-10-06,0
2799,2014-10-07,5
2800,2014-10-08,8
2801,2014-10-09,8
2802,2014-10-10,7
2803,2014-10-11,14
2804,2014-10-12,0
2805,2014-10-13,7
2806,2014-10-14,11
2807,2014-10-15,12
2808,2014-10-16,11
2809,2014-10-17,14
2810,2014-10-18,8
2811,2014-10-19,0
2812,2014-10-20,13
2813,2014-10-21,15
2814,2014-10-22,8
2815,2014-10-23,11
2816,2014-10-24,16
2817,2014-10-25,11
2818,2014-10-26,1
2819,2014-10-27,12
2820,2014-10-28,7
2821,2014-10-29,14
2822,2014-10-30,8
2823,2014-10-31,15
2824,2014-11-01,16
2825,2014-11-02,0
2826,2014-11-03,5
2827,2014-11-04,7
2828,2014-11-05,17
2829,2014-11-06,16
2830,2014-11-07,13
2831,2014-11-08,19
2832,2014-11-09,1
2833,2014-11-10,16
2834,2014-11-11,17
2835,2014-11-12,11
2836,2014-11-13,12
2837,2014-11-14,14
2838,2014-11-15,19
2839,2014-11-16,1
2840,2014-11-17,12
2841,2014-11-18,11
2842,2014-11-19,15
2843,2014-11-20,15
2844,2014-11-21,12
2845,2014-11-22,15
2846,2014-11-23,0
2847,2014-11-24,21
2848,2014-11-25,11
2849,2014-11-26,11
2850,2014-11-27,5
2851,2014-11-28,14
2852,2014-11-29,20
2853,2014-11-30,1
2854,2014-12-01,11
2855,2014-12-02,13
2856,2014-12-03,15
2857,2014-12-04,10
2858,2014-12-05,15
2859,2014-12-06,20
2860,2014-12-07,0
2861,2014-12-08,9
2862,2014-12-09,7
2863,2014-12-10,10
2864,2014-12-11,8
2865,2014-12-12,7
2866,2014-12-13,18
2867,2014-12-14,1
2868,2014-12-15,14
2869,2014-12-16,9
2870,2014-12-17,28
2871,2014-12-18,18
2872,2014-12-19,18
2873,2014-12-20,2
2874,2014-12-21,0
2875,2014-12-22,13
2876,2014-12-23,15
2877,2014-12-24,7
2878,2014-12-25,0
2879,2014-12-26,0
2880,2014-12-27,0
2881,2014-12-28,0
2882,2014-12-29,0
2883,2014-12-30,3
2884,2014-12-31,0
2885,2015-01-01,0
2886,2015-01-02,0
2887,2015-01-03,0
2888,2015-01-04,0
2889,2015-01-05,3
2890,2015-01-06,2
2891,2015-01-07,4
2892,2015-01-08,4
2893,2015-01-09,6
2894,2015-01-10,0
2895,2015-01-11,0
2896,2015-01-12,3
2897,2015-01-13,6
2898,2015-01-14,5
2899,2015-01-15,5
2900,2015-01-16,9
2901,2015-01-17,3
2902,2015-01-18,0
2903,2015-01-19,6
2904,2015-01-20,3
2905,2015-01-21,3
2906,2015-01-22,2
2907,2015-01-23,6
2908,2015-01-24,0
2909,2015-01-25,0
2910,2015-01-26,1
2911,2015-01-27,4
2912,2015-01-28,7
2913,2015-01-29,8
2914,2015-01-30,12
2915,2015-01-31,5
2916,2015-02-01,0
2917,2015-02-02,11
2918,2015-02-03,9
2919,2015-02-04,16
2920,2015-02-05,17
2921,2015-02-06,4
2922,2015-02-07,10
2923,2015-02-08,1
2924,2015-02-09,7
2925,2015-02-10,12
2926,2015-02-11,9
2927,2015-02-12,6
2928,2015-02-13,15
2929,2015-02-14,15
2930,2015-02-15,0
2931,2015-02-16,16
2932,2015-02-17,8
2933,2015-02-18,16
2934,2015-02-19,12
2935,2015-02-20,9
2936,2015-02-21,27
2937,2015-02-22,0
2938,2015-02-23,10
2939,2015-02-24,10
2940,2015-02-25,9
2941,2015-02-26,19
2942,2015-02-27,23
2943,2015-02-28,27
2944,2015-03-01,1
2945,2015-03-02,11
2946,2015-03-03,14
2947,2015-03-04,18
2948,2015-03-05,17
2949,2015-03-06,11
2950,2015-03-07,8
2951,2015-03-08,0
2952,2015-03-09,1
2953,2015-03-10,13
2954,2015-03-11,15
2955,2015-03-12,11
2956,2015-03-13,16
2957,2015-03-14,26
2958,2015-03-15,1
2959,2015-03-16,14
2960,2015-03-17,13
2961,2015-03-18,13
2962,2015-03-19,7
2963,2015-03-20,15
2964,2015-03-21,13
2965,2015-03-22,0
2966,2015-03-23,6
2967,2015-03-24,7
2968,2015-03-25,13
2969,2015-03-26,14
2970,2015-03-27,14
2971,2015-03-28,25
2972,2015-03-29,1
2973,2015-03-30,10
2974,2015-03-31,15
2975,2015-04-01,22
2976,2015-04-02,17
2977,2015-04-03,1
2978,2015-04-04,0
2979,2015-04-05,0
2980,2015-04-06,0
2981,2015-04-07,5
2982,2015-04-08,4
2983,2015-04-09,6
2984,2015-04-10,10
2985,2015-04-11,13
2986,2015-04-12,0
2987,2015-04-13,8
2988,2015-04-14,9
2989,2015-04-15,8
2990,2015-04-16,10
2991,2015-04-17,17
2992,2015-04-18,17
2993,2015-04-19,0
2994,2015-04-20,16
2995,2015-04-21,6
2996,2015-04-22,13
2997,2015-04-23,16
2998,2015-04-24,11
2999,2015-04-25,2
3000,2015-04-26,3
3001,2015-04-27,12
3002,2015-04-28,11
3003,2015-04-29,16
3004,2015-04-30,10
3005,2015-05-01,13
3006,2015-05-02,18
3007,2015-05-03,3
3008,2015-05-04,14
3009,2015-05-05,10
3010,2015-05-06,10
3011,2015-05-07,14
3012,2015-05-08,14
3013,2015-05-09,22
3014,2015-05-10,0
3015,2015-05-11,9
3016,2015-05-12,7
3017,2015-05-13,11
3018,2015-05-14,16
3019,2015-05-15,10
3020,2015-05-16,12
3021,2015-05-17,0
3022,2015-05-18,13
3023,2015-05-19,11
3024,2015-05-20,15
3025,2015-05-21,15
3026,2015-05-22,10
3027,2015-05-23,26
3028,2015-05-24,1
3029,2015-05-25,18
3030,2015-05-26,7
3031,2015-05-27,8
3032,2015-05-28,10
3033,2015-05-29,7
3034,2015-05-30,14
3035,2015-05-31,0
3036,2015-06-01,13
3037,2015-06-02,6
3038,2015-06-03,7
3039,2015-06-04,9
3040,2015-06-05,15
3041,2015-06-06,7
3042,2015-06-07,1
3043,2015-06-08,1
3044,2015-06-09,12
3045,2015-06-10,7
3046,2015-06-11,9
3047,2015-06-12,5
3048,2015-06-13,21
3049,2015-06-14,0
3050,2015-06-15,13
3051,2015-06-16,7
3052,2015-06-17,7
3053,2015-06-18,6
3054,2015-06-19,11
3055,2015-06-20,12
3056,2015-06-21,1
3057,2015-06-22,6
3058,2015-06-23,9
3059,2015-06-24,12
3060,2015-06-25,14
3061,2015-06-26,14
3062,2015-06-27,12
3063,2015-06-28,0
3064,2015-06-29,9
3065,2015-06-30,8
3066,2015-07-01,9
3067,2015-07-02,9
3068,2015-07-03,9
3069,2015-07-04,13
3070,2015-07-05,1
3071,2015-07-06,7
3072,2015-07-07,9
3073,2015-07-08,9
3074,2015-07-09,4
3075,2015-07-10,8
3076,2015-07-11,8
3077,2015-07-12,0
3078,2015-07-13,10
3079,2015-07-14,5
3080,2015-07-15,16
3081,2015-07-16,1
3082,2015-07-17,17
3083,2015-07-18,16
3084,2015-07-19,0
3085,2015-07-20,9
3086,2015-07-21,7
3087,2015-07-22,14
3088,2015-07-23,15
3089,2015-07-24,18
3090,2015-07-25,12
3091,2015-07-26,0
3092,2015-07-27,8
3093,2015-07-28,14
3094,2015-07-29,8
3095,2015-07-30,6
3096,2015-07-31,18
3097,2015-08-01,15
3098,2015-08-02,0
3099,2015-08-03,5
3100,2015-08-04,13
3101,2015-08-05,14
3102,2015-08-06,12
3103,2015-08-07,16
3104,2015-08-08,13
3105,2015-08-09,1
3106,2015-08-10,9
3107,2015-08-11,8
3108,2015-08-12,19
3109,2015-08-13,12
3110,2015-08-14,15
3111,2015-08-15,21
3112,2015-08-16,1
3113,2015-08-17,10
3114,2015-08-18,15
3115,2015-08-19,14
3116,2015-08-20,12
3117,2015-08-21,10
3118,2015-08-22,21
3119,2015-08-23,0
3120,2015-08-24,10
3121,2015-08-25,6
3122,2015-08-26,8
3123,2015-08-27,11
3124,2015-08-28,14
3125,2015-08-29,21
3126,2015-08-30,0
3127,2015-08-31,12
3128,2015-09-01,10
3129,2015-09-02,9
3130,2015-09-03,9
3131,2015-09-04,12
3132,2015-09-05,13
3133,2015-09-06,1
3134,2015-09-07,14
3135,2015-09-08,10
3136,2015-09-09,14
3137,2015-09-10,13
3138,2015-09-11,10
3139,2015-09-12,17
3140,2015-09-13,1
3141,2015-09-14,7
3142,2015-09-15,15
3143,2015-09-16,16
3144,2015-09-17,14
3145,2015-09-18,14
3146,2015-09-19,32
3147,2015-09-20,0
3148,2015-09-21,5
3149,2015-09-22,12
3150,2015-09-23,4
3151,2015-09-24,14
3152,2015-09-25,15
3153,2015-09-26,11
3154,2015-09-27,1
3155,2015-09-28,0
3156,2015-09-29,8
3157,2015-09-30,12
3158,2015-10-01,9
3159,2015-10-02,6
3160,2015-10-03,3
3161,2015-10-04,0
3162,2015-10-05,1
3163,2015-10-06,6
3164,2015-10-07,6
3165,2015-10-08,15
3166,2015-10-09,12
3167,2015-10-10,18
3168,2015-10-11,1
3169,2015-10-12,8
3170,2015-10-13,16
3171,2015-10-14,16
3172,2015-10-15,15
3173,2015-10-16,15
3174,2015-10-17,15
3175,2015-10-18,2
3176,2015-10-19,15
3177,2015-10-20,18
3178,2015-10-21,18
3179,2015-10-22,13
3180,2015-10-23,19
3181,2015-10-24,17
3182,2015-10-25,0
3183,2015-10-26,10
3184,2015-10-27,13
3185,2015-10-28,16
3186,2015-10-29,25
3187,2015-10-30,19
3188,2015-10-31,30
3189,2015-11-01,8
3190,2015-11-02,10
3191,2015-11-03,2
3192,2015-11-04,8
3193,2015-11-05,17
3194,2015-11-06,21
3195,2015-11-07,33
3196,2015-11-08,6
3197,2015-11-09,13
3198,2015-11-10,13
3199,2015-11-11,16
3200,2015-11-12,13
3201,2015-11-13,18
3202,2015-11-14,33
3203,2015-11-15,0
3204,2015-11-16,14
3205,2015-11-17,8
3206,2015-11-18,16
3207,2015-11-19,11
3208,2015-11-20,16
3209,2015-11-21,25
3210,2015-11-22,3
3211,2015-11-23,7
3212,2015-11-24,14
3213,2015-11-25,8
3214,2015-11-26,17
3215,2015-11-27,20
3216,2015-11-28,25
3217,2015-11-29,0
3218,2015-11-30,7
3219,2015-12-01,11
3220,2015-12-02,16
3221,2015-12-03,14
3222,2015-12-04,17
3223,2015-12-05,26
3224,2015-12-06,0
3225,2015-12-07,12
3226,2015-12-08,4
3227,2015-12-09,11
3228,2015-12-10,15
3229,2015-12-11,12
3230,2015-12-12,23
3231,2015-12-13,1
3232,2015-12-14,6
3233,2015-12-15,14
3234,2015-12-16,22
3235,2015-12-17,14
3236,2015-12-18,15
3237,2015-12-19,10
3238,2015-12-20,0
3239,2015-12-21,12
3240,2015-12-22,24
3241,2015-12-23,29
3242,2015-12-24,7
3243,2015-12-25,0
3244,2015-12-26,0
3245,2015-12-27,0
3246,2015-12-28,0
3247,2015-12-29,0
3248,2015-12-30,0
3249,2015-12-31,0
3250,2016-01-01,1
3251,2016-01-02,1
3252,2016-01-03,0
3253,2016-01-04,1
3254,2016-01-05,1
3255,2016-01-06,0
3256,2016-01-07,1
3257,2016-01-08,3
3258,2016-01-09,0
3259,2016-01-10,1
3260,2016-01-11,4
3261,2016-01-12,3
3262,2016-01-13,7
3263,2016-01-14,6
3264,2016-01-15,8
3265,2016-01-16,0
3266,2016-01-17,0
3267,2016-01-18,7
3268,2016-01-19,7
3269,2016-01-20,11
3270,2016-01-21,12
3271,2016-01-22,16
3272,2016-01-23,2
3273,2016-01-24,0
3274,2016-01-25,11
3275,2016-01-26,1
3276,2016-01-27,15
3277,2016-01-28,16
3278,2016-01-29,17
3279,2016-01-30,8
3280,2016-01-31,2
3281,2016-02-01,10
3282,2016-02-02,10
3283,2016-02-03,14
3284,2016-02-04,19
3285,2016-02-05,11
3286,2016-02-06,15
3287,2016-02-07,0
3288,2016-02-08,10
3289,2016-02-09,14
3290,2016-02-10,10
3291,2016-02-11,12
3292,2016-02-12,15
3293,2016-02-13,15
3294,2016-02-14,0
3295,2016-02-15,8
3296,2016-02-16,9
3297,2016-02-17,21
3298,2016-02-18,19
3299,2016-02-19,11
3300,2016-02-20,18
3301,2016-02-21,1
3302,2016-02-22,10
3303,2016-02-23,18
3304,2016-02-24,14
3305,2016-02-25,13
3306,2016-02-26,22
3307,2016-02-27,27
3308,2016-02-28,0
3309,2016-02-29,13
3310,2016-03-01,12
3311,2016-03-02,18
3312,2016-03-03,14
3313,2016-03-04,20
3314,2016-03-05,15
3315,2016-03-06,3
3316,2016-03-07,10
3317,2016-03-08,10
3318,2016-03-09,14
3319,2016-03-10,12
3320,2016-03-11,19
3321,2016-03-12,8
3322,2016-03-13,0
3323,2016-03-14,0
3324,2016-03-15,14
3325,2016-03-16,15
3326,2016-03-17,20
3327,2016-03-18,17
3328,2016-03-19,31
3329,2016-03-20,0
3330,2016-03-21,17
3331,2016-03-22,19
3332,2016-03-23,15
3333,2016-03-24,22
3334,2016-03-25,1
3335,2016-03-26,1
3336,2016-03-27,0
3337,2016-03-28,1
3338,2016-03-29,8
3339,2016-03-30,13
3340,2016-03-31,12
3341,2016-04-01,21
3342,2016-04-02,15
3343,2016-04-03,0
3344,2016-04-04,27
3345,2016-04-05,10
3346,2016-04-06,21
3347,2016-04-07,20
3348,2016-04-08,6
3349,2016-04-09,18
3350,2016-04-10,1
3351,2016-04-11,11
3352,2016-04-12,13
3353,2016-04-13,7
3354,2016-04-14,8
3355,2016-04-15,8
3356,2016-04-16,16
3357,2016-04-17,0
3358,2016-04-18,14
3359,2016-04-19,16
3360,2016-04-20,16
3361,2016-04-21,21
3362,2016-04-22,16
3363,2016-04-23,13
3364,2016-04-24,1
3365,2016-04-25,2
3366,2016-04-26,8
3367,2016-04-27,14
3368,2016-04-28,9
3369,2016-04-29,8
3370,2016-04-30,27
3371,2016-05-01,0
3372,2016-05-02,13
3373,2016-05-03,16
3374,2016-05-04,12
3375,2016-05-05,16
3376,2016-05-06,12
3377,2016-05-07,11
3378,2016-05-08,0
3379,2016-05-09,8
3380,2016-05-10,10
3381,2016-05-11,10
3382,2016-05-12,12
3383,2016-05-13,8
3384,2016-05-14,15
3385,2016-05-15,2
3386,2016-05-16,8
3387,2016-05-17,11
3388,2016-05-18,8
3389,2016-05-19,14
3390,2016-05-20,16
3391,2016-05-21,24
3392,2016-05-22,2
3393,2016-05-23,12
3394,2016-05-24,11
3395,2016-05-25,20
3396,2016-05-26,7
3397,2016-05-27,13
3398,2016-05-28,28
3399,2016-05-29,0
3400,2016-05-30,13
3401,2016-05-31,9
3402,2016-06-01,8
3403,2016-06-02,4
3404,2016-06-03,9
3405,2016-06-04,18
3406,2016-06-05,0
3407,2016-06-06,7
3408,2016-06-07,7
3409,2016-06-08,12
3410,2016-06-09,20
3411,2016-06-10,13
3412,2016-06-11,3
3413,2016-06-12,0
3414,2016-06-13,1
3415,2016-06-14,5
3416,2016-06-15,14
3417,2016-06-16,12
3418,2016-06-17,11
3419,2016-06-18,16
3420,2016-06-19,0
3421,2016-06-20,6
3422,2016-06-21,4
3423,2016-06-22,16
3424,2016-06-23,13
3425,2016-06-24,9
3426,2016-06-25,18
3427,2016-06-26,0
3428,2016-06-27,6
3429,2016-06-28,8
3430,2016-06-29,14
3431,2016-06-30,14
3432,2016-07-01,13
3433,2016-07-02,3
3434,2016-07-03,0
3435,2016-07-04,7
3436,2016-07-05,10
3437,2016-07-06,14
3438,2016-07-07,8
3439,2016-07-08,7
3440,2016-07-09,19
3441,2016-07-10,0
3442,2016-07-11,5
3443,2016-07-12,11
3444,2016-07-13,7
3445,2016-07-14,9
3446,2016-07-15,4
3447,2016-07-16,11
3448,2016-07-17,0
3449,2016-07-18,8
3450,2016-07-19,2
3451,2016-07-20,13
3452,2016-07-21,6
3453,2016-07-22,4
3454,2016-07-23,14
3455,2016-07-24,0
3456,2016-07-25,9
3457,2016-07-26,10
3458,2016-07-27,6
3459,2016-07-28,13
3460,2016-07-29,16
3461,2016-07-30,13
3462,2016-07-31,1
3463,2016-08-01,4
3464,2016-08-02,8
3465,2016-08-03,11
3466,2016-08-04,8
3467,2016-08-05,15
3468,2016-08-06,16
3469,2016-08-07,0
3470,2016-08-08,11
3471,2016-08-09,9
3472,2016-08-10,12
3473,2016-08-11,7
3474,2016-08-12,18
3475,2016-08-13,17
3476,2016-08-14,1
3477,2016-08-15,6
3478,2016-08-16,9
3479,2016-08-17,8
3480,2016-08-18,7
3481,2016-08-19,11
3482,2016-08-20,13
3483,2016-08-21,1
3484,2016-08-22,19
3485,2016-08-23,9
3486,2016-08-24,9
3487,2016-08-25,18
3488,2016-08-26,16
3489,2016-08-27,18
3490,2016-08-28,0
3491,2016-08-29,9
3492,2016-08-30,8
3493,2016-08-31,18
3494,2016-09-01,7
3495,2016-09-02,14
3496,2016-09-03,25
3497,2016-09-04,1
3498,2016-09-05,16
3499,2016-09-06,13
3500,2016-09-07,6
3501,2016-09-08,10
3502,2016-09-09,11
3503,2016-09-10,19
3504,2016-09-11,0
3505,2016-09-12,6
3506,2016-09-13,8
3507,2016-09-14,16
3508,2016-09-15,18
3509,2016-09-16,20
3510,2016-09-17,24
3511,2016-09-18,0
3512,2016-09-19,11
3513,2016-09-20,7
3514,2016-09-21,12
3515,2016-09-22,13
3516,2016-09-23,5
3517,2016-09-24,30
3518,2016-09-25,1
3519,2016-09-26,1
3520,2016-09-27,11
3521,2016-09-28,9
3522,2016-09-29,8
3523,2016-09-30,14
3524,2016-10-01,4
3525,2016-10-02,0
3526,2016-10-03,0
3527,2016-10-04,11
3528,2016-10-05,16
3529,2016-10-06,11
3530,2016-10-07,19
3531,2016-10-08,19
3532,2016-10-09,0
3533,2016-10-10,15
3534,2016-10-11,13
3535,2016-10-12,13
3536,2016-10-13,16
3537,2016-10-14,22
3538,2016-10-15,21
3539,2016-10-16,2
3540,2016-10-17,10
3541,2016-10-18,9
3542,2016-10-19,7
3543,2016-10-20,11
3544,2016-10-21,17
3545,2016-10-22,21
3546,2016-10-23,0
3547,2016-10-24,8
3548,2016-10-25,9
3549,2016-10-26,7
3550,2016-10-27,11
3551,2016-10-28,19
3552,2016-10-29,26
3553,2016-10-30,3
3554,2016-10-31,23
3555,2016-11-01,5
3556,2016-11-02,15
3557,2016-11-03,23
3558,2016-11-04,15
3559,2016-11-05,33
3560,2016-11-06,1
3561,2016-11-07,8
3562,2016-11-08,9
3563,2016-11-09,14
3564,2016-11-10,17
3565,2016-11-11,9
3566,2016-11-12,32
3567,2016-11-13,2
3568,2016-11-14,19
3569,2016-11-15,9
3570,2016-11-16,12
3571,2016-11-17,19
3572,2016-11-18,21
3573,2016-11-19,30
3574,2016-11-20,1
3575,2016-11-21,6
3576,2016-11-22,10
3577,2016-11-23,13
3578,2016-11-24,17
3579,2016-11-25,23
3580,2016-11-26,28
3581,2016-11-27,1
3582,2016-11-28,17
3583,2016-11-29,9
3584,2016-11-30,13
3585,2016-12-01,9
3586,2016-12-02,17
3587,2016-12-03,27
3588,2016-12-04,1
3589,2016-12-05,9
3590,2016-12-06,13
3591,2016-12-07,12
3592,2016-12-08,9
3593,2016-12-09,20
3594,2016-12-10,24
3595,2016-12-11,0
3596,2016-12-12,11
3597,2016-12-13,29
3598,2016-12-14,15
3599,2016-12-15,18
3600,2016-12-16,12
3601,2016-12-17,26
3602,2016-12-18,0
3603,2016-12-19,23
3604,2016-12-20,18
3605,2016-12-21,21
3606,2016-12-22,21
3607,2016-12-23,23
3608,2016-12-24,0
3609,2016-12-25,0
3610,2016-12-26,0
3611,2016-12-27,0
3612,2016-12-28,0
3613,2016-12-29,2
3614,2016-12-30,1
3615,2016-12-31,0
3616,2017-01-01,1
3617,2017-01-02,0
3618,2017-01-03,1
3619,2017-01-04,0
3620,2017-01-05,6
3621,2017-01-06,1
3622,2017-01-07,0
3623,2017-01-08,0
3624,2017-01-09,10
3625,2017-01-10,9
3626,2017-01-11,6
3627,2017-01-12,7
3628,2017-01-13,12
3629,2017-01-14,1
3630,2017-01-15,1
3631,2017-01-16,14
3632,2017-01-17,9
3633,2017-01-18,6
3634,2017-01-19,13
3635,2017-01-20,8
3636,2017-01-21,3
3637,2017-01-22,1
3638,2017-01-23,19
3639,2017-01-24,6
3640,2017-01-25,6
3641,2017-01-26,0
3642,2017-01-27,7
3643,2017-01-28,4
3644,2017-01-29,0
3645,2017-01-30,10
3646,2017-01-31,11
3647,2017-02-01,17
3648,2017-02-02,9
3649,2017-02-03,12
3650,2017-02-04,24
3651,2017-02-05,0
3652,2017-02-06,12
3653,2017-02-07,12
3654,2017-02-08,11
3655,2017-02-09,17
3656,2017-02-10,16
3657,2017-02-11,30
3658,2017-02-12,2
3659,2017-02-13,17
3660,2017-02-14,21
3661,2017-02-15,15
3662,2017-02-16,12
3663,2017-02-17,16
3664,2017-02-18,28
3665,2017-02-19,0
3666,2017-02-20,16
3667,2017-02-21,14
3668,2017-02-22,18
3669,2017-02-23,14
3670,2017-02-24,15
3671,2017-02-25,34
3672,2017-02-26,1
3673,2017-02-27,23
3674,2017-02-28,22
3675,2017-03-01,16
3676,2017-03-02,18
3677,2017-03-03,19
3678,2017-03-04,26
3679,2017-03-05,2
3680,2017-03-06,15
3681,2017-03-07,10
3682,2017-03-08,11
3683,2017-03-09,16
3684,2017-03-10,20
3685,2017-03-11,9
3686,2017-03-12,1
3687,2017-03-13,0
3688,2017-03-14,16
3689,2017-03-15,17
3690,2017-03-16,14
3691,2017-03-17,17
3692,2017-03-18,31
3693,2017-03-19,2
3694,2017-03-20,10
3695,2017-03-21,15
3696,2017-03-22,14
3697,2017-03-23,11
3698,2017-03-24,18
3699,2017-03-25,25
3700,2017-03-26,1
3701,2017-03-27,19
3702,2017-03-28,15
3703,2017-03-29,15
3704,2017-03-30,13
3705,2017-03-31,14
3706,2017-04-01,12
3707,2017-04-02,1
3708,2017-04-03,13
3709,2017-04-04,16
3710,2017-04-05,17
3711,2017-04-06,20
3712,2017-04-07,16
3713,2017-04-08,37
3714,2017-04-09,2
3715,2017-04-10,19
3716,2017-04-11,20
3717,2017-04-12,22
3718,2017-04-13,23
3719,2017-04-14,1
3720,2017-04-15,1
3721,2017-04-16,1
3722,2017-04-17,3
3723,2017-04-18,12
3724,2017-04-19,13
3725,2017-04-20,10
3726,2017-04-21,8
3727,2017-04-22,15
3728,2017-04-23,2
3729,2017-04-24,11
3730,2017-04-25,1
3731,2017-04-26,9
3732,2017-04-27,14
3733,2017-04-28,15
3734,2017-04-29,18
3735,2017-04-30,1
3736,2017-05-01,23
3737,2017-05-02,9
3738,2017-05-03,10
3739,2017-05-04,14
3740,2017-05-05,19
3741,2017-05-06,13
3742,2017-05-07,1
3743,2017-05-08,12
3744,2017-05-09,12
3745,2017-05-10,17
3746,2017-05-11,11
3747,2017-05-12,21
3748,2017-05-13,28
3749,2017-05-14,1
3750,2017-05-15,18
3751,2017-05-16,13
3752,2017-05-17,12
3753,2017-05-18,8
3754,2017-05-19,16
3755,2017-05-20,28
3756,2017-05-21,0
3757,2017-05-22,18
3758,2017-05-23,11
3759,2017-05-24,9
3760,2017-05-25,11
3761,2017-05-26,13
3762,2017-05-27,30
3763,2017-05-28,0
3764,2017-05-29,9
3765,2017-05-30,14
3766,2017-05-31,13
3767,2017-06-01,12
3768,2017-06-02,15
3769,2017-06-03,24
3770,2017-06-04,0
3771,2017-06-05,10
3772,2017-06-06,7
3773,2017-06-07,14
3774,2017-06-08,11
3775,2017-06-09,20
3776,2017-06-10,13
3777,2017-06-11,0
3778,2017-06-12,0
3779,2017-06-13,7
3780,2017-06-14,5
3781,2017-06-15,14
3782,2017-06-16,11
3783,2017-06-17,13
3784,2017-06-18,1
3785,2017-06-19,19
3786,2017-06-20,9
3787,2017-06-21,17
3788,2017-06-22,17
3789,2017-06-23,6
3790,2017-06-24,21
3791,2017-06-25,0
3792,2017-06-26,14
3793,2017-06-27,11
3794,2017-06-28,15
3795,2017-06-29,15
3796,2017-06-30,16
3797,2017-07-01,16
3798,2017-07-02,2
3799,2017-07-03,16
3800,2017-07-04,9
3801,2017-07-05,6
3802,2017-07-06,6
3803,2017-07-07,10
3804,2017-07-08,17
3805,2017-07-09,2
3806,2017-07-10,9
3807,2017-07-11,12
3808,2017-07-12,11
3809,2017-07-13,8
3810,2017-07-14,10
3811,2017-07-15,11
3812,2017-07-16,0
3813,2017-07-17,6
3814,2017-07-18,10
3815,2017-07-19,15
3816,2017-07-20,17
3817,2017-07-21,19
3818,2017-07-22,14
3819,2017-07-23,1
3820,2017-07-24,11
3821,2017-07-25,12
3822,2017-07-26,9
3823,2017-07-27,12
3824,2017-07-28,20
3825,2017-07-29,15
3826,2017-07-30,0
3827,2017-07-31,14
3828,2017-08-01,9
3829,2017-08-02,13
3830,2017-08-03,11
3831,2017-08-04,15
3832,2017-08-05,21
3833,2017-08-06,1
3834,2017-08-07,14
3835,2017-08-08,12
3836,2017-08-09,17
3837,2017-08-10,14
3838,2017-08-11,17
3839,2017-08-12,22
3840,2017-08-13,0
3841,2017-08-14,15
3842,2017-08-15,11
3843,2017-08-16,12
3844,2017-08-17,22
3845,2017-08-18,9
3846,2017-08-19,12
3847,2017-08-20,0
3848,2017-08-21,11
3849,2017-08-22,9
3850,2017-08-23,3
3851,2017-08-24,8
3852,2017-08-25,14
3853,2017-08-26,29
3854,2017-08-27,3
3855,2017-08-28,14
3856,2017-08-29,11
3857,2017-08-30,12
3858,2017-08-31,15
3859,2017-09-01,14
3860,2017-09-02,22
3861,2017-09-03,2
3862,2017-09-04,8
3863,2017-09-05,10
3864,2017-09-06,11
3865,2017-09-07,18
3866,2017-09-08,18
3867,2017-09-09,31
3868,2017-09-10,2
3869,2017-09-11,8
3870,2017-09-12,6
3871,2017-09-13,13
3872,2017-09-14,8
3873,2017-09-15,18
3874,2017-09-16,26
3875,2017-09-17,0
3876,2017-09-18,18
3877,2017-09-19,12
3878,2017-09-20,18
3879,2017-09-21,17
3880,2017-09-22,16
3881,2017-09-23,21
3882,2017-09-24,0
3883,2017-09-25,2
3884,2017-09-26,17
3885,2017-09-27,13
3886,2017-09-28,14
3887,2017-09-29,10
3888,2017-09-30,14
3889,2017-10-01,0
3890,2017-10-02,1
3891,2017-10-03,12
3892,2017-10-04,17
3893,2017-10-05,11
3894,2017-10-06,15
3895,2017-10-07,23
3896,2017-10-08,1
3897,2017-10-09,14
3898,2017-10-10,13
3899,2017-10-11,17
3900,2017-10-12,7
3901,2017-10-13,18
3902,2017-10-14,19
3903,2017-10-15,0
3904,2017-10-16,16
3905,2017-10-17,7
3906,2017-10-18,13
3907,2017-10-19,11
3908,2017-10-20,10
3909,2017-10-21,17
3910,2017-10-22,0
3911,2017-10-23,18
3912,2017-10-24,11
3913,2017-10-25,12
3914,2017-10-26,12
3915,2017-10-27,20
3916,2017-10-28,50
3917,2017-10-29,0
3918,2017-10-30,21
3919,2017-10-31,18
3920,2017-11-01,19
3921,2017-11-02,19
3922,2017-11-03,20
3923,2017-11-04,34
3924,2017-11-05,2
3925,2017-11-06,15
3926,2017-11-07,8
3927,2017-11-08,16
3928,2017-11-09,14
3929,2017-11-10,19
3930,2017-11-11,37
3931,2017-11-12,0
3932,2017-11-13,17
3933,2017-11-14,8
3934,2017-11-15,25
3935,2017-11-16,22
3936,2017-11-17,29
3937,2017-11-18,39
3938,2017-11-19,1
3939,2017-11-20,22
3940,2017-11-21,19
3941,2017-11-22,21
3942,2017-11-23,16
3943,2017-11-24,25
3944,2017-11-25,32
3945,2017-11-26,0
3946,2017-11-27,17
3947,2017-11-28,11
3948,2017-11-29,12
3949,2017-11-30,17
3950,2017-12-01,20
3951,2017-12-02,31
3952,2017-12-03,2
3953,2017-12-04,13
3954,2017-12-05,18
3955,2017-12-06,12
3956,2017-12-07,12
3957,2017-12-08,16
3958,2017-12-09,24
3959,2017-12-10,1
3960,2017-12-11,20
3961,2017-12-12,22
3962,2017-12-13,18
3963,2017-12-14,11
3964,2017-12-15,16
3965,2017-12-16,25
3966,2017-12-17,2
3967,2017-12-18,13
3968,2017-12-19,14
3969,2017-12-20,28
3970,2017-12-21,31
3971,2017-12-22,30
3972,2017-12-23,1
3973,2017-12-24,0
3974,2017-12-25,1
3975,2017-12-26,0
3976,2017-12-27,0
3977,2017-12-28,2
3978,2017-12-29,1
3979,2017-12-30,0
3980,2017-12-31,0
3981,2018-01-01,0
3982,2018-01-02,1
3983,2018-01-03,3
3984,2018-01-04,1
3985,2018-01-05,2
3986,2018-01-06,0
3987,2018-01-07,0
3988,2018-01-08,10
3989,2018-01-09,6
3990,2018-01-10,13
3991,2018-01-11,3
3992,2018-01-12,4
3993,2018-01-13,1
3994,2018-01-14,0
3995,2018-01-15,7
3996,2018-01-16,3
3997,2018-01-17,10
3998,2018-01-18,8
3999,2018-01-19,14
4000,2018-01-20,2
4001,2018-01-21,1
4002,2018-01-22,8
4003,2018-01-23,7
4004,2018-01-24,19
4005,2018-01-25,15
4006,2018-01-26,2
4007,2018-01-27,4
4008,2018-01-28,0
4009,2018-01-29,10
4010,2018-01-30,13
4011,2018-01-31,5
4012,2018-02-01,18
4013,2018-02-02,12
4014,2018-02-03,14
4015,2018-02-04,1
4016,2018-02-05,15
4017,2018-02-06,8
4018,2018-02-07,22
4019,2018-02-08,16
4020,2018-02-09,18
4021,2018-02-10,25
4022,2018-02-11,2
4023,2018-02-12,18
4024,2018-02-13,9
4025,2018-02-14,16
4026,2018-02-15,12
4027,2018-02-16,15
4028,2018-02-17,22
4029,2018-02-18,0
4030,2018-02-19,16
4031,2018-02-20,9
4032,2018-02-21,14
4033,2018-02-22,18
4034,2018-02-23,12
4035,2018-02-24,35
4036,2018-02-25,2
4037,2018-02-26,18
4038,2018-02-27,19
4039,2018-02-28,24
4040,2018-03-01,9
4041,2018-03-02,13
4042,2018-03-03,31
4043,2018-03-04,0
4044,2018-03-05,10
4045,2018-03-06,15
4046,2018-03-07,19
4047,2018-03-08,14
4048,2018-03-09,16
4049,2018-03-10,17
4050,2018-03-11,0
4051,2018-03-12,1
4052,2018-03-13,22
4053,2018-03-14,14
4054,2018-03-15,18
4055,2018-03-16,18
4056,2018-03-17,27
4057,2018-03-18,0
4058,2018-03-19,5
4059,2018-03-20,18
4060,2018-03-21,16
4061,2018-03-22,21
4062,2018-03-23,9
4063,2018-03-24,38
4064,2018-03-25,2
4065,2018-03-26,18
4066,2018-03-27,15
4067,2018-03-28,23
4068,2018-03-29,13
4069,2018-03-30,1
4070,2018-03-31,2
4071,2018-04-01,0
4072,2018-04-02,2
4073,2018-04-03,8
4074,2018-04-04,13
4075,2018-04-05,14
4076,2018-04-06,16
4077,2018-04-07,18
4078,2018-04-08,2
4079,2018-04-09,16
4080,2018-04-10,9
4081,2018-04-11,15
4082,2018-04-12,19
4083,2018-04-13,21
4084,2018-04-14,20
4085,2018-04-15,0
4086,2018-04-16,12
4087,2018-04-17,17
4088,2018-04-18,17
4089,2018-04-19,17
4090,2018-04-20,14
4091,2018-04-21,8
4092,2018-04-22,0
4093,2018-04-23,5
4094,2018-04-24,22
4095,2018-04-25,0
4096,2018-04-26,15
4097,2018-04-27,21
4098,2018-04-28,19
4099,2018-04-29,0
4100,2018-04-30,18
4101,2018-05-01,15
4102,2018-05-02,14
4103,2018-05-03,18
4104,2018-05-04,12
4105,2018-05-05,24
4106,2018-05-06,2
4107,2018-05-07,11
4108,2018-05-08,13
4109,2018-05-09,16
4110,2018-05-10,18
4111,2018-05-11,29
4112,2018-05-12,16
4113,2018-05-13,2
4114,2018-05-14,8
4115,2018-05-15,16
4116,2018-05-16,14
4117,2018-05-17,12
4118,2018-05-18,17
4119,2018-05-19,23
4120,2018-05-20,0
4121,2018-05-21,11
4122,2018-05-22,18
4123,2018-05-23,16
4124,2018-05-24,13
4125,2018-05-25,18
4126,2018-05-26,22
4127,2018-05-27,0
4128,2018-05-28,1
4129,2018-05-29,9
4130,2018-05-30,28
4131,2018-05-31,26
4132,2018-06-01,17
4133,2018-06-02,24
4134,2018-06-03,1
4135,2018-06-04,11
4136,2018-06-05,18
4137,2018-06-06,15
4138,2018-06-07,21
4139,2018-06-08,16
4140,2018-06-09,7
4141,2018-06-10,0
4142,2018-06-11,1
4143,2018-06-12,11
4144,2018-06-13,10
4145,2018-06-14,18
4146,2018-06-15,14
4147,2018-06-16,10
4148,2018-06-17,0
4149,2018-06-18,14
4150,2018-06-19,6
4151,2018-06-20,16
4152,2018-06-21,8
4153,2018-06-22,12
4154,2018-06-23,16
4155,2018-06-24,1
4156,2018-06-25,10
4157,2018-06-26,10
4158,2018-06-27,14
4159,2018-06-28,11
4160,2018-06-29,15
4161,2018-06-30,9
4162,2018-07-01,0
4163,2018-07-02,19
4164,2018-07-03,6
4165,2018-07-04,13
4166,2018-07-05,4
4167,2018-07-06,10
4168,2018-07-07,14
4169,2018-07-08,0
4170,2018-07-09,19
4171,2018-07-10,10
4172,2018-07-11,8
4173,2018-07-12,9
4174,2018-07-13,10
4175,2018-07-14,15
4176,2018-07-15,1
4177,2018-07-16,15
4178,2018-07-17,7
4179,2018-07-18,8
4180,2018-07-19,13
4181,2018-07-20,12
4182,2018-07-21,9
4183,2018-07-22,0
4184,2018-07-23,13
4185,2018-07-24,9
4186,2018-07-25,7
4187,2018-07-26,6
4188,2018-07-27,16
4189,2018-07-28,15
4190,2018-07-29,0
4191,2018-07-30,16
4192,2018-07-31,14
4193,2018-08-01,11
4194,2018-08-02,9
4195,2018-08-03,7
4196,2018-08-04,15
4197,2018-08-05,1
4198,2018-08-06,3
4199,2018-08-07,16
4200,2018-08-08,9
4201,2018-08-09,9
4202,2018-08-10,14
4203,2018-08-11,7
4204,2018-08-12,1
4205,2018-08-13,5
4206,2018-08-14,5
4207,2018-08-15,13
4208,2018-08-16,6
4209,2018-08-17,16
4210,2018-08-18,11
4211,2018-08-19,0
4212,2018-08-20,12
4213,2018-08-21,9
4214,2018-08-22,11
4215,2018-08-23,13
4216,2018-08-24,14
4217,2018-08-25,21
4218,2018-08-26,3
4219,2018-08-27,7
4220,2018-08-28,12
4221,2018-08-29,11
4222,2018-08-30,13
4223,2018-08-31,19
4224,2018-09-01,10
4225,2018-09-02,1
4226,2018-09-03,8
4227,2018-09-04,9
4228,2018-09-05,9
4229,2018-09-06,8
4230,2018-09-07,10
4231,2018-09-08,12
4232,2018-09-09,2
4233,2018-09-10,13
4234,2018-09-11,15
4235,2018-09-12,8
4236,2018-09-13,13
4237,2018-09-14,12
4238,2018-09-15,14
4239,2018-09-16,0
4240,2018-09-17,11
4241,2018-09-18,7
4242,2018-09-19,8
4243,2018-09-20,12
4244,2018-09-21,17
4245,2018-09-22,19
4246,2018-09-23,0
4247,2018-09-24,8
4248,2018-09-25,12
4249,2018-09-26,16
4250,2018-09-27,13
4251,2018-09-28,16
4252,2018-09-29,5
4253,2018-09-30,1
4254,2018-10-01,1
4255,2018-10-02,8
4256,2018-10-03,9
4257,2018-10-04,8
4258,2018-10-05,12
4259,2018-10-06,14
4260,2018-10-07,1
4261,2018-10-08,8
4262,2018-10-09,5
4263,2018-10-10,12
4264,2018-10-11,7
4265,2018-10-12,17
4266,2018-10-13,10
4267,2018-10-14,2
4268,2018-10-15,6
4269,2018-10-16,18
4270,2018-10-17,13
4271,2018-10-18,10
4272,2018-10-19,14
4273,2018-10-20,8
4274,2018-10-21,1
4275,2018-10-22,13
4276,2018-10-23,4
4277,2018-10-24,15
4278,2018-10-25,12
4279,2018-10-26,15
4280,2018-10-27,13
4281,2018-10-28,0
4282,2018-10-29,11
4283,2018-10-30,7
4284,2018-10-31,13
4285,2018-11-01,12
4286,2018-11-02,17
4287,2018-11-03,15
4288,2018-11-04,0
4289,2018-11-05,9
4290,2018-11-06,6
4291,2018-11-07,14
4292,2018-11-08,9
4293,2018-11-09,10
4294,2018-11-10,12
4295,2018-11-11,0
4296,2018-11-12,11
4297,2018-11-13,14
4298,2018-11-14,11
4299,2018-11-15,10
4300,2018-11-16,16
4301,2018-11-17,21
4302,2018-11-18,0
4303,2018-11-19,13
4304,2018-11-20,8
4305,2018-11-21,17
4306,2018-11-22,10
4307,2018-11-23,16
4308,2018-11-24,14
4309,2018-11-25,0
4310,2018-11-26,8
4311,2018-11-27,6
4312,2018-11-28,11
4313,2018-11-29,15
4314,2018-11-30,14
4315,2018-12-01,11
4316,2018-12-02,0
4317,2018-12-03,10
4318,2018-12-04,9
4319,2018-12-05,14
4320,2018-12-06,10
4321,2018-12-07,12
4322,2018-12-08,9
4323,2018-12-09,0
4324,2018-12-10,10
4325,2018-12-11,14
4326,2018-12-12,9
4327,2018-12-13,11
4328,2018-12-14,6
4329,2018-12-15,14
4330,2018-12-16,3
4331,2018-12-17,10
4332,2018-12-18,10
4333,2018-12-19,19
4334,2018-12-20,13
4335,2018-12-21,21
4336,2018-12-22,1
4337,2018-12-23,0
4338,2018-12-24,3
4339,2018-12-25,0
4340,2018-12-26,0
4341,2018-12-27,0
4342,2018-12-28,0
4343,2018-12-29,0
4344,2018-12-30,0
4345,2018-12-31,0
4346,2019-01-01,1
4347,2019-01-02,0
4348,2019-01-03,0
4349,2019-01-04,0
4350,2019-01-05,1
4351,2019-01-06,0
4352,2019-01-07,4
4353,2019-01-08,5
4354,2019-01-09,7
4355,2019-01-10,4
4356,2019-01-11,9
4357,2019-01-12,0
4358,2019-01-13,3
4359,2019-01-14,11
4360,2019-01-15,10
4361,2019-01-16,3
4362,2019-01-17,0
4363,2019-01-18,5
4364,2019-01-19,2
4365,2019-01-20,0
4366,2019-01-21,7
4367,2019-01-22,8
4368,2019-01-23,13
4369,2019-01-24,14
4370,2019-01-25,9
4371,2019-01-26,0
4372,2019-01-27,0
4373,2019-01-28,0
4374,2019-01-29,12
4375,2019-01-30,4
4376,2019-01-31,5
4377,2019-02-01,6
4378,2019-02-02,4
4379,2019-02-03,0
4380,2019-02-04,11
4381,2019-02-05,7
4382,2019-02-06,4
4383,2019-02-07,12
4384,2019-02-08,7
4385,2019-02-09,1
4386,2019-02-10,0
4387,2019-02-11,7
4388,2019-02-12,19
4389,2019-02-13,10
4390,2019-02-14,15
4391,2019-02-15,6
4392,2019-02-16,9
4393,2019-02-17,3
4394,2019-02-18,5
4395,2019-02-19,13
4396,2019-02-20,9
4397,2019-02-21,8
4398,2019-02-22,4
4399,2019-02-23,6
4400,2019-02-24,0
4401,2019-02-25,8
4402,2019-02-26,8
4403,2019-02-27,15
4404,2019-02-28,7
4405,2019-03-01,7
4406,2019-03-02,11
4407,2019-03-03,0
4408,2019-03-04,9
4409,2019-03-05,12
4410,2019-03-06,21
4411,2019-03-07,3
4412,2019-03-08,10
4413,2019-03-09,2
4414,2019-03-10,0
4415,2019-03-11,0
4416,2019-03-12,10
4417,2019-03-13,2
4418,2019-03-14,9
4419,2019-03-15,17
4420,2019-03-16,11
4421,2019-03-17,0
4422,2019-03-18,9
4423,2019-03-19,11
4424,2019-03-20,11
4425,2019-03-21,11
4426,2019-03-22,13
4427,2019-03-23,8
4428,2019-03-24,0
4429,2019-03-25,8
4430,2019-03-26,15
4431,2019-03-27,8
4432,2019-03-28,11
4433,2019-03-29,7
4434,2019-03-30,0
4435,2019-03-31,0
4436,2019-04-01,12
4437,2019-04-02,11
4438,2019-04-03,8
4439,2019-04-04,11
4440,2019-04-05,5
4441,2019-04-06,10
4442,2019-04-07,0
4443,2019-04-08,7
4444,2019-04-09,9
4445,2019-04-10,11
4446,2019-04-11,9
4447,2019-04-12,16
4448,2019-04-13,9
4449,2019-04-14,0
4450,2019-04-15,6
4451,2019-04-16,13
4452,2019-04-17,18
4453,2019-04-18,8
4454,2019-04-19,1
4455,2019-04-20,0
4456,2019-04-21,0
4457,2019-04-22,0
4458,2019-04-23,7
4459,2019-04-24,10
4460,2019-04-25,1
4461,2019-04-26,9
4462,2019-04-27,2
4463,2019-04-28,0
4464,2019-04-29,10
4465,2019-04-30,9
4466,2019-05-01,9
4467,2019-05-02,9
4468,2019-05-03,10
4469,2019-05-04,2
4470,2019-05-05,0
4471,2019-05-06,14
4472,2019-05-07,14
4473,2019-05-08,10
4474,2019-05-09,5
4475,2019-05-10,5
4476,2019-05-11,2
4477,2019-05-12,0
4478,2019-05-13,8
4479,2019-05-14,9
4480,2019-05-15,12
4481,2019-05-16,5
4482,2019-05-17,10
4483,2019-05-18,3
4484,2019-05-19,0
4485,2019-05-20,10
4486,2019-05-21,3
4487,2019-05-22,12
4488,2019-05-23,10
4489,2019-05-24,5
4490,2019-05-25,7
4491,2019-05-26,0
4492,2019-05-27,0
4493,2019-05-28,12
4494,2019-05-29,15
4495,2019-05-30,7
4496,2019-05-31,12
4497,2019-06-01,2
4498,2019-06-02,0
4499,2019-06-03,5
4500,2019-06-04,5
4501,2019-06-05,7
4502,2019-06-06,3
4503,2019-06-07,8
4504,2019-06-08,3
4505,2019-06-09,0
4506,2019-06-10,2
4507,2019-06-11,2
4508,2019-06-12,2
4509,2019-06-13,8
4510,2019-06-14,5
4511,2019-06-15,3
4512,2019-06-16,0
4513,2019-06-17,6
4514,2019-06-18,10
4515,2019-06-19,9
4516,2019-06-20,3
4517,2019-06-21,12
4518,2019-06-22,5
4519,2019-06-23,0
4520,2019-06-24,8
4521,2019-06-25,3
4522,2019-06-26,8
4523,2019-06-27,4
4524,2019-06-28,1
4525,2019-06-29,2
4526,2019-06-30,0
4527,2019-07-01,34
4528,2019-07-02,17
4529,2019-07-03,19
4530,2019-07-04,13
4531,2019-07-05,13
4532,2019-07-06,4
4533,2019-07-07,0
4534,2019-07-08,14
4535,2019-07-09,10
4536,2019-07-10,11
4537,2019-07-11,5
4538,2019-07-12,4
4539,2019-07-13,1
4540,2019-07-14,0
4541,2019-07-15,5
4542,2019-07-16,9
4543,2019-07-17,15
4544,2019-07-18,9
4545,2019-07-19,10
4546,2019-07-20,7
4547,2019-07-21,0
4548,2019-07-22,7
4549,2019-07-23,15
4550,2019-07-24,4
4551,2019-07-25,15
4552,2019-07-26,6
